"../../../Engine/Plugins/2D/Paper2D/Content/PlaceholderTextures/DummySpriteTexture.ubulk" 0
"../../../Engine/Plugins/2D/Paper2D/Content/PlaceholderTextures/DummySpriteTexture.uasset" 1
"../../../Engine/Plugins/2D/Paper2D/Content/PlaceholderTextures/DummySpriteTexture.uexp" 2
"../../../Engine/Plugins/2D/Paper2D/Content/DummySprite.uasset" 3
"../../../Engine/Plugins/2D/Paper2D/Content/DummySprite.uexp" 4
"../../../Engine/Plugins/2D/Paper2D/Content/DefaultPaperTerrainMaterial.uasset" 5
"../../../Engine/Plugins/2D/Paper2D/Content/DefaultPaperTerrainMaterial.uexp" 6
"../../../Engine/Plugins/Animation/ACLPlugin/Content/ACLAnimBoneCompressionSettings.uasset" 7
"../../../Engine/Plugins/Animation/ACLPlugin/Content/ACLAnimBoneCompressionSettings.uexp" 8
"../../../Engine/Plugins/Animation/ACLPlugin/Content/ACLAnimCurveCompressionSettings.uasset" 9
"../../../Engine/Plugins/Animation/ACLPlugin/Content/ACLAnimCurveCompressionSettings.uexp" 10
"../../../Engine/Content/Animation/DefaultRecorderBoneCompression.uasset" 11
"../../../Engine/Content/Animation/DefaultRecorderBoneCompression.uexp" 12
"../../../Engine/Content/Animation/DefaultVariableFrameStrippingSettings.uasset" 13
"../../../Engine/Content/Animation/DefaultVariableFrameStrippingSettings.uexp" 14
"../../../Engine/Content/EngineFonts/Faces/DroidSansFallback.uexp" 15
"../../../Engine/Content/EngineFonts/Faces/DroidSansFallback.uasset" 16
"../../../Engine/Content/EngineFonts/Faces/DroidSansFallback.ufont" 17
"../../../Engine/Content/EngineFonts/Faces/RobotoBold.uexp" 18
"../../../Engine/Content/EngineFonts/Faces/RobotoBold.uasset" 19
"../../../Engine/Content/EngineFonts/Faces/RobotoBold.ufont" 20
"../../../Engine/Content/EngineFonts/Faces/RobotoBoldItalic.uexp" 21
"../../../Engine/Content/EngineFonts/Faces/RobotoBoldItalic.uasset" 22
"../../../Engine/Content/EngineFonts/Faces/RobotoBoldItalic.ufont" 23
"../../../Engine/Content/EngineFonts/Faces/RobotoItalic.uexp" 24
"../../../Engine/Content/EngineFonts/Faces/RobotoItalic.uasset" 25
"../../../Engine/Content/EngineFonts/Faces/RobotoItalic.ufont" 26
"../../../Engine/Content/EngineFonts/Faces/RobotoLight.uexp" 27
"../../../Engine/Content/EngineFonts/Faces/RobotoLight.uasset" 28
"../../../Engine/Content/EngineFonts/Faces/RobotoLight.ufont" 29
"../../../Engine/Content/EngineFonts/Faces/RobotoRegular.uexp" 30
"../../../Engine/Content/EngineFonts/Faces/RobotoRegular.uasset" 31
"../../../Engine/Content/EngineFonts/Faces/RobotoRegular.ufont" 32
"../../../Engine/Content/EngineFonts/Roboto.uasset" 33
"../../../Engine/Content/EngineFonts/Roboto.uexp" 34
"../../../Engine/Content/EngineMaterials/DefaultDestructiblePhysicalMaterial.uasset" 35
"../../../Engine/Content/EngineMaterials/DefaultDestructiblePhysicalMaterial.uexp" 36
"../../../Engine/Content/EngineMaterials/DefaultPhysicalMaterial.uasset" 37
"../../../Engine/Content/EngineMaterials/DefaultPhysicalMaterial.uexp" 38
"../../../Engine/Content/EngineSounds/Master.uasset" 39
"../../../Engine/Content/EngineSounds/Master.uexp" 40
"../../../Engine/Plugins/Animation/ControlRig/Content/Controls/DefaultGizmoLibraryNormalized.uasset" 41
"../../../Engine/Plugins/Animation/ControlRig/Content/Controls/DefaultGizmoLibraryNormalized.uexp" 42
"../../../Engine/Content/MobileResources/HUD/VirtualJoystick_Background.uasset" 43
"../../../Engine/Content/MobileResources/HUD/VirtualJoystick_Background.uexp" 44
"../../../Engine/Content/MobileResources/HUD/VirtualJoystick_Thumb.uasset" 45
"../../../Engine/Content/MobileResources/HUD/VirtualJoystick_Thumb.uexp" 46
"../../../Engine/Content/MobileResources/HUD/DefaultVirtualJoysticks.uasset" 47
"../../../Engine/Content/MobileResources/HUD/DefaultVirtualJoysticks.uexp" 48
"../../../Engine/Content/EngineMaterials/T_Default_Material_Grid_M.ubulk" 49
"../../../Engine/Content/EngineMaterials/T_Default_Material_Grid_M.uasset" 50
"../../../Engine/Content/EngineMaterials/T_Default_Material_Grid_M.uexp" 51
"../../../Engine/Content/EngineMaterials/T_Default_Material_Grid_N.ubulk" 52
"../../../Engine/Content/EngineMaterials/T_Default_Material_Grid_N.uasset" 53
"../../../Engine/Content/EngineMaterials/T_Default_Material_Grid_N.uexp" 54
"../../../Engine/Content/Functions/Engine_MaterialFunctions01/Opacity/CameraDepthFade.uasset" 55
"../../../Engine/Content/Functions/Engine_MaterialFunctions01/Opacity/CameraDepthFade.uexp" 56
"../../../Engine/Content/EngineMaterials/WorldGridMaterial.uasset" 57
"../../../Engine/Content/EngineMaterials/WorldGridMaterial.uexp" 58
"../../../Engine/Plugins/Media/MediaPlate/Content/SM_MediaPlateScreen.ubulk" 59
"../../../Engine/Plugins/Media/MediaPlate/Content/SM_MediaPlateScreen.uasset" 60
"../../../Engine/Plugins/Media/MediaPlate/Content/SM_MediaPlateScreen.uexp" 61
"../../../Engine/Plugins/NNE/NNEDenoiser/Content/NNEDIM_ColorAlbedoNormal_Alpha.uasset" 62
"../../../Engine/Plugins/NNE/NNEDenoiser/Content/NNEDIM_ColorAlbedoNormal_Alpha.uexp" 63
"../../../Engine/Content/EditorMaterials/PhAT_NoCollisionMaterial.uasset" 64
"../../../Engine/Content/EditorMaterials/PhAT_NoCollisionMaterial.uexp" 65
"../../../Engine/Plugins/NNE/NNEDenoiser/Content/NNEDIM_ColorAlbedoNormal_Default.uasset" 66
"../../../Engine/Plugins/NNE/NNEDenoiser/Content/NNEDIM_ColorAlbedoNormal_Default.uexp" 67
"../../../Engine/Plugins/NNE/NNEDenoiser/Content/NNEDIM_HighQuality_Alpha.uasset" 68
"../../../Engine/Plugins/NNE/NNEDenoiser/Content/NNEDIM_HighQuality_Alpha.uexp" 69
"../../../Engine/Plugins/NNE/NNEDenoiser/Content/NNEDIM_HighQuality_Default.uasset" 70
"../../../Engine/Plugins/NNE/NNEDenoiser/Content/NNEDIM_HighQuality_Default.uexp" 71
"../../../Engine/Plugins/NNE/NNEDenoiser/Content/NNEDOM_Output_Alpha.uasset" 72
"../../../Engine/Plugins/NNE/NNEDenoiser/Content/NNEDOM_Output_Alpha.uexp" 73
"../../../Engine/Plugins/NNE/NNEDenoiser/Content/NNEDOM_Output_Default.uasset" 74
"../../../Engine/Plugins/NNE/NNEDenoiser/Content/NNEDOM_Output_Default.uexp" 75
"../../../Engine/Plugins/NNE/NNEDenoiser/Content/NNEDTIM_ColorAlbedoNormal_Alpha.uasset" 76
"../../../Engine/Plugins/NNE/NNEDenoiser/Content/NNEDTIM_ColorAlbedoNormal_Alpha.uexp" 77
"../../../Engine/Plugins/NNE/NNEDenoiser/Content/NNEDTIM_ColorAlbedoNormal_Default.uasset" 78
"../../../Engine/Plugins/NNE/NNEDenoiser/Content/NNEDTIM_ColorAlbedoNormal_Default.uexp" 79
"../../../Engine/Plugins/NNE/NNEDenoiser/Content/NNEDTOM_Output_Alpha.uasset" 80
"../../../Engine/Plugins/NNE/NNEDenoiser/Content/NNEDTOM_Output_Alpha.uexp" 81
"../../../Engine/Content/EditorMaterials/PhAT_UnselectedMaterial.uasset" 82
"../../../Engine/Content/EditorMaterials/PhAT_UnselectedMaterial.uexp" 83
"../../../Engine/Plugins/NNE/NNEDenoiser/Content/NNEDTOM_Output_Default.uasset" 84
"../../../Engine/Plugins/NNE/NNEDenoiser/Content/NNEDTOM_Output_Default.uexp" 85
"../../../Engine/Plugins/NNE/NNEDenoiser/Content/NNEDT_Oidn2-3_Balanced.uasset" 86
"../../../Engine/Plugins/NNE/NNEDenoiser/Content/NNEDT_Oidn2-3_Balanced.uexp" 87
"../../../Engine/Plugins/NNE/NNEDenoiser/Content/NNEDT_Oidn2-3_Balanced_Alpha.uasset" 88
"../../../Engine/Plugins/NNE/NNEDenoiser/Content/NNEDT_Oidn2-3_Balanced_Alpha.uexp" 89
"../../../Engine/Plugins/NNE/NNEDenoiser/Content/NNED_Oidn2-3_Balanced.uasset" 90
"../../../Engine/Plugins/NNE/NNEDenoiser/Content/NNED_Oidn2-3_Balanced.uexp" 91
"../../../Engine/Plugins/NNE/NNEDenoiser/Content/NNED_Oidn2-3_Balanced_Alpha.uasset" 92
"../../../Engine/Plugins/NNE/NNEDenoiser/Content/NNED_Oidn2-3_Balanced_Alpha.uexp" 93
"../../../Engine/Plugins/NNE/NNEDenoiser/Content/NNED_Oidn2-3_Fast.uasset" 94
"../../../Engine/Plugins/NNE/NNEDenoiser/Content/NNED_Oidn2-3_Fast.uexp" 95
"../../../Engine/Plugins/NNE/NNEDenoiser/Content/NNED_Oidn2-3_Fast_Alpha.uasset" 96
"../../../Engine/Plugins/NNE/NNEDenoiser/Content/NNED_Oidn2-3_Fast_Alpha.uexp" 97
"../../../Engine/Plugins/NNE/NNEDenoiser/Content/NNED_Oidn2-3_HighQuality.uasset" 98
"../../../Engine/Plugins/NNE/NNEDenoiser/Content/NNED_Oidn2-3_HighQuality.uexp" 99
"../../../Engine/Plugins/NNE/NNEDenoiser/Content/NNED_Oidn2-3_HighQuality_Alpha.uasset" 100
"../../../Engine/Plugins/NNE/NNEDenoiser/Content/NNED_Oidn2-3_HighQuality_Alpha.uexp" 101
"../../../Engine/Plugins/NNE/NNEDenoiser/Content/NNE_oidn2-3-0_rt_hdr_alb_nrm_small__dyn__fp16_opset11_DenoiseAlpha.uasset" 102
"../../../Engine/Plugins/NNE/NNEDenoiser/Content/NNE_oidn2-3-0_rt_hdr_alb_nrm_small__dyn__fp16_opset11_DenoiseAlpha.uexp" 103
"../../../Engine/Plugins/NNE/NNEDenoiser/Content/NNE_oidn2-3-0_rt_hdr_alb_nrm_small__dyn__fp16_opset11_ForwardAlpha.uasset" 104
"../../../Engine/Plugins/NNE/NNEDenoiser/Content/NNE_oidn2-3-0_rt_hdr_alb_nrm_small__dyn__fp16_opset11_ForwardAlpha.uexp" 105
"../../../Engine/Plugins/NNE/NNEDenoiser/Content/NNE_oidn2-3-0_rt_hdr_alb_nrm__dyn__fp16_opset11_DenoiseAlpha.uasset" 106
"../../../Engine/Plugins/NNE/NNEDenoiser/Content/NNE_oidn2-3-0_rt_hdr_alb_nrm__dyn__fp16_opset11_DenoiseAlpha.uexp" 107
"../../../Engine/Plugins/NNE/NNEDenoiser/Content/NNE_oidn2-3-0_rt_hdr_alb_nrm__dyn__fp16_opset11_ForwardAlpha.uasset" 108
"../../../Engine/Plugins/NNE/NNEDenoiser/Content/NNE_oidn2-3-0_rt_hdr_alb_nrm__dyn__fp16_opset11_ForwardAlpha.uexp" 109
"../../../Engine/Plugins/NNE/NNEDenoiser/Content/NNE_oidn2-3-0_rt_hdr_calb_cnrm_large__dyn__fp16_opset11_DenoiseAlpha.uasset" 110
"../../../Engine/Plugins/NNE/NNEDenoiser/Content/NNE_oidn2-3-0_rt_hdr_calb_cnrm_large__dyn__fp16_opset11_DenoiseAlpha.uexp" 111
"../../../Engine/Plugins/NNE/NNEDenoiser/Content/NNE_oidn2-3-0_rt_hdr_calb_cnrm_large__dyn__fp16_opset11_ForwardAlpha.uasset" 112
"../../../Engine/Plugins/NNE/NNEDenoiser/Content/NNE_oidn2-3-0_rt_hdr_calb_cnrm_large__dyn__fp16_opset11_ForwardAlpha.uexp" 113
"../../../Engine/Content/EditorMaterials/PreviewShadowIndicator.ubulk" 114
"../../../Engine/Content/EditorMaterials/PreviewShadowIndicator.uasset" 115
"../../../Engine/Content/EditorMaterials/PreviewShadowIndicator.uexp" 116
"../../../Engine/Content/EditorMaterials/PreviewShadowIndicatorMaterial.uasset" 117
"../../../Engine/Content/EditorMaterials/PreviewShadowIndicatorMaterial.uexp" 118
"../../../Engine/Content/EditorResources/S_Solver.ubulk" 119
"../../../Engine/Content/EditorResources/S_Solver.uasset" 120
"../../../Engine/Content/EditorResources/S_Solver.uexp" 121
"../../../Engine/Content/EditorResources/S_Terrain.ubulk" 122
"../../../Engine/Content/EditorResources/S_Terrain.uasset" 123
"../../../Engine/Content/EditorResources/S_Terrain.uexp" 124
"../../../Engine/Content/EditorLandscapeResources/DefaultAlphaTexture.uasset" 125
"../../../Engine/Content/EditorLandscapeResources/DefaultAlphaTexture.uexp" 126
"../../../Engine/Content/EditorLandscapeResources/ColorMaskBrushMaterial.uasset" 127
"../../../Engine/Content/EditorLandscapeResources/ColorMaskBrushMaterial.uexp" 128
"../../../Engine/Content/EditorLandscapeResources/ColorMaskBrushMaterial_MaskedRegion.uasset" 129
"../../../Engine/Content/EditorLandscapeResources/ColorMaskBrushMaterial_MaskedRegion.uexp" 130
"../../../Engine/Content/EngineMaterials/DefaultMaterial.uasset" 131
"../../../Engine/Content/EngineMaterials/DefaultMaterial.uexp" 132
"../../../Engine/Content/BasicShapes/Cone.ubulk" 133
"../../../Engine/Content/BasicShapes/Cone.uasset" 134
"../../../Engine/Content/BasicShapes/Cone.uexp" 135
"../../../Engine/Content/EditorResources/S_Trigger.ubulk" 136
"../../../Engine/Content/EditorResources/S_Trigger.uasset" 137
"../../../Engine/Content/EditorResources/S_Trigger.uexp" 138
"../../../Engine/Content/EditorResources/S_TriggerBox.uasset" 139
"../../../Engine/Content/EditorResources/S_TriggerBox.uexp" 140
"../../../Engine/Content/BasicShapes/Cylinder.ubulk" 141
"../../../Engine/Content/BasicShapes/Cylinder.uasset" 142
"../../../Engine/Content/BasicShapes/Cylinder.uexp" 143
"../../../Engine/Content/EditorResources/S_TriggerCapsule.uasset" 144
"../../../Engine/Content/EditorResources/S_TriggerCapsule.uexp" 145
"../../../Engine/Content/EditorResources/S_TriggerSphere.uasset" 146
"../../../Engine/Content/EditorResources/S_TriggerSphere.uexp" 147
"../../../Engine/Content/EditorLandscapeResources/LandscapeDirtyMaterial.uasset" 148
"../../../Engine/Content/EditorLandscapeResources/LandscapeDirtyMaterial.uexp" 149
"../../../Engine/Content/BasicShapes/Plane.ubulk" 150
"../../../Engine/Content/BasicShapes/Plane.uasset" 151
"../../../Engine/Content/BasicShapes/Plane.uexp" 152
"../../../Engine/Plugins/Animation/ControlRig/Content/Controls/ControlRig_Box_solid.ubulk" 153
"../../../Engine/Plugins/Animation/ControlRig/Content/Controls/ControlRig_Box_solid.uasset" 154
"../../../Engine/Plugins/Animation/ControlRig/Content/Controls/ControlRig_Box_solid.uexp" 155
"../../../Engine/Plugins/Animation/ControlRig/Content/Controls/ControlRig_Circle_1mm.ubulk" 156
"../../../Engine/Plugins/Animation/ControlRig/Content/Controls/ControlRig_Circle_1mm.uasset" 157
"../../../Engine/Plugins/Animation/ControlRig/Content/Controls/ControlRig_Circle_1mm.uexp" 158
"../../../Engine/Content/BasicShapes/Sphere.ubulk" 159
"../../../Engine/Content/BasicShapes/Sphere.uasset" 160
"../../../Engine/Content/BasicShapes/Sphere.uexp" 161
"../../../Engine/Plugins/Animation/ControlRig/Content/Controls/ControlRig_Circle_3mm.ubulk" 162
"../../../Engine/Plugins/Animation/ControlRig/Content/Controls/ControlRig_Circle_3mm.uasset" 163
"../../../Engine/Plugins/Animation/ControlRig/Content/Controls/ControlRig_Circle_3mm.uexp" 164
"../../../Engine/Plugins/Animation/ControlRig/Content/Controls/ControlRig_Circle_solid.ubulk" 165
"../../../Engine/Plugins/Animation/ControlRig/Content/Controls/ControlRig_Circle_solid.uasset" 166
"../../../Engine/Plugins/Animation/ControlRig/Content/Controls/ControlRig_Circle_solid.uexp" 167
"../../../Engine/Content/EngineMaterials/DefaultDiffuse.ubulk" 168
"../../../Engine/Content/EngineMaterials/DefaultDiffuse.uasset" 169
"../../../Engine/Content/EngineMaterials/DefaultDiffuse.uexp" 170
"../../../Engine/Content/Functions/Engine_MaterialFunctions01/Texturing/TextureCropping.uasset" 171
"../../../Engine/Content/Functions/Engine_MaterialFunctions01/Texturing/TextureCropping.uexp" 172
"../../../Engine/Content/Functions/Engine_MaterialFunctions02/ExampleContent/DebugNumberStrip.uasset" 173
"../../../Engine/Content/Functions/Engine_MaterialFunctions02/ExampleContent/DebugNumberStrip.uexp" 174
"../../../Engine/Content/Functions/Engine_MaterialFunctions01/Debug/DebugIntValues.uasset" 175
"../../../Engine/Content/Functions/Engine_MaterialFunctions01/Debug/DebugIntValues.uexp" 176
"../../../Engine/Content/Functions/Engine_MaterialFunctions02/Utility/BreakOutFloat2Components.uasset" 177
"../../../Engine/Content/Functions/Engine_MaterialFunctions02/Utility/BreakOutFloat2Components.uexp" 178
"../../../Engine/Content/Functions/Engine_MaterialFunctions01/Texturing/ScaleUVsByCenter.uasset" 179
"../../../Engine/Content/Functions/Engine_MaterialFunctions01/Texturing/ScaleUVsByCenter.uexp" 180
"../../../Engine/Content/Functions/Engine_MaterialFunctions02/WorldPositionOffset/LocalPosition.uasset" 181
"../../../Engine/Content/Functions/Engine_MaterialFunctions02/WorldPositionOffset/LocalPosition.uexp" 182
"../../../Engine/Content/EditorLandscapeResources/LandscapeLayerUsageMaterial.uasset" 183
"../../../Engine/Content/EditorLandscapeResources/LandscapeLayerUsageMaterial.uexp" 184
"../../../Engine/Plugins/Animation/ControlRig/Content/Controls/ControlRig_Diamond_1mm.ubulk" 185
"../../../Engine/Plugins/Animation/ControlRig/Content/Controls/ControlRig_Diamond_1mm.uasset" 186
"../../../Engine/Plugins/Animation/ControlRig/Content/Controls/ControlRig_Diamond_1mm.uexp" 187
"../../../Engine/Content/Functions/Engine_MaterialFunctions02/Utility/VectorLength.uasset" 188
"../../../Engine/Content/Functions/Engine_MaterialFunctions02/Utility/VectorLength.uexp" 189
"../../../Engine/Content/Functions/Engine_MaterialFunctions02/WorldPositionOffset/ObjectScale.uasset" 190
"../../../Engine/Content/Functions/Engine_MaterialFunctions02/WorldPositionOffset/ObjectScale.uexp" 191
"../../../Engine/Content/Functions/Engine_MaterialFunctions02/Utility/BreakOutFloat3Components.uasset" 192
"../../../Engine/Content/Functions/Engine_MaterialFunctions02/Utility/BreakOutFloat3Components.uexp" 193
"../../../Engine/Plugins/Editor/SpeedTreeImporter/Content/SpeedTree9/Empty.uasset" 194
"../../../Engine/Plugins/Editor/SpeedTreeImporter/Content/SpeedTree9/Empty.uexp" 195
"../../../Engine/Plugins/Editor/SpeedTreeImporter/Content/SpeedTree9/EmptyNormal.uasset" 196
"../../../Engine/Plugins/Editor/SpeedTreeImporter/Content/SpeedTree9/EmptyNormal.uexp" 197
"../../../Engine/Plugins/Editor/SpeedTreeImporter/Content/SpeedTree9/game_wind_noise.ubulk" 198
"../../../Engine/Plugins/Editor/SpeedTreeImporter/Content/SpeedTree9/game_wind_noise.uasset" 199
"../../../Engine/Plugins/Editor/SpeedTreeImporter/Content/SpeedTree9/game_wind_noise.uexp" 200
"../../../Engine/Content/Functions/Engine_MaterialFunctions02/SafeNormalize.uasset" 201
"../../../Engine/Content/Functions/Engine_MaterialFunctions02/SafeNormalize.uexp" 202
"../../../Engine/Plugins/Editor/SpeedTreeImporter/Content/SpeedTree9/SpeedTreeWindMotion.uasset" 203
"../../../Engine/Plugins/Editor/SpeedTreeImporter/Content/SpeedTree9/SpeedTreeWindMotion.uexp" 204
"../../../Engine/Plugins/Editor/SpeedTreeImporter/Content/SpeedTree9/UnpackDirection.uasset" 205
"../../../Engine/Plugins/Editor/SpeedTreeImporter/Content/SpeedTree9/UnpackDirection.uexp" 206
"../../../Engine/Plugins/Editor/SpeedTreeImporter/Content/SpeedTree9/UnpackInteger3.uasset" 207
"../../../Engine/Plugins/Editor/SpeedTreeImporter/Content/SpeedTree9/UnpackInteger3.uexp" 208
"../../../Engine/Plugins/Editor/SpeedTreeImporter/Content/SpeedTree9/SpeedTreeBranchMotion.uasset" 209
"../../../Engine/Plugins/Editor/SpeedTreeImporter/Content/SpeedTree9/SpeedTreeBranchMotion.uexp" 210
"../../../Engine/Content/Functions/Engine_MaterialFunctions02/ObjectLocalBounds.uasset" 211
"../../../Engine/Content/Functions/Engine_MaterialFunctions02/ObjectLocalBounds.uexp" 212
"../../../Engine/Content/Functions/Engine_MaterialFunctions02/UVs/BoundingBoxBased_0-1_UVW.uasset" 213
"../../../Engine/Content/Functions/Engine_MaterialFunctions02/UVs/BoundingBoxBased_0-1_UVW.uexp" 214
"../../../Engine/Plugins/Editor/SpeedTreeImporter/Content/SpeedTree9/SpeedTreeWind.uasset" 215
"../../../Engine/Plugins/Editor/SpeedTreeImporter/Content/SpeedTree9/SpeedTreeWind.uexp" 216
"../../../Engine/Plugins/Editor/SpeedTreeImporter/Content/SpeedTree9/SpeedTreeCameraFacing.uasset" 217
"../../../Engine/Plugins/Editor/SpeedTreeImporter/Content/SpeedTree9/SpeedTreeCameraFacing.uexp" 218
"../../../Engine/Plugins/Editor/SpeedTreeImporter/Content/SpeedTree9/SpeedTreeMaster.uasset" 219
"../../../Engine/Plugins/Editor/SpeedTreeImporter/Content/SpeedTree9/SpeedTreeMaster.uexp" 220
"../../../Engine/Plugins/Animation/ControlRig/Content/Controls/ControlRig_Diamond_3mm.ubulk" 221
"../../../Engine/Plugins/Animation/ControlRig/Content/Controls/ControlRig_Diamond_3mm.uasset" 222
"../../../Engine/Plugins/Animation/ControlRig/Content/Controls/ControlRig_Diamond_3mm.uexp" 223
"../../../Engine/Plugins/Animation/ControlRig/Content/Controls/ControlRig_Diamond_solid.ubulk" 224
"../../../Engine/Plugins/Animation/ControlRig/Content/Controls/ControlRig_Diamond_solid.uasset" 225
"../../../Engine/Plugins/Animation/ControlRig/Content/Controls/ControlRig_Diamond_solid.uexp" 226
"../../../Engine/Content/EditorLandscapeResources/WhiteSquareTexture.uasset" 227
"../../../Engine/Content/EditorLandscapeResources/WhiteSquareTexture.uexp" 228
"../../../Engine/Content/EditorLandscapeResources/LayerVisMaterial.uasset" 229
"../../../Engine/Content/EditorLandscapeResources/LayerVisMaterial.uexp" 230
"../../../Engine/Content/EngineMaterials/WeightMapPlaceholderTexture.uasset" 231
"../../../Engine/Content/EngineMaterials/WeightMapPlaceholderTexture.uexp" 232
"../../../Engine/Content/EngineMaterials/WeightMapArrayPlaceholderTexture.uasset" 233
"../../../Engine/Content/EngineMaterials/WeightMapArrayPlaceholderTexture.uexp" 234
"../../../Engine/Plugins/Animation/ControlRig/Content/Controls/ControlRig_HalfCircle_1mm.ubulk" 235
"../../../Engine/Plugins/Animation/ControlRig/Content/Controls/ControlRig_HalfCircle_1mm.uasset" 236
"../../../Engine/Plugins/Animation/ControlRig/Content/Controls/ControlRig_HalfCircle_1mm.uexp" 237
"../../../Engine/Content/Functions/Engine_MaterialFunctions02/Utility/MakeFloat3.uasset" 238
"../../../Engine/Content/Functions/Engine_MaterialFunctions02/Utility/MakeFloat3.uexp" 239
"../../../Engine/Content/Functions/Engine_MaterialFunctions03/Math/WithinRangeFloat2.uasset" 240
"../../../Engine/Content/Functions/Engine_MaterialFunctions03/Math/WithinRangeFloat2.uexp" 241
"../../../Engine/Content/EditorLandscapeResources/MaskBrushMaterial.uasset" 242
"../../../Engine/Content/EditorLandscapeResources/MaskBrushMaterial.uexp" 243
"../../../Engine/Content/EditorLandscapeResources/MaskBrushMaterial_MaskedRegion.uasset" 244
"../../../Engine/Content/EditorLandscapeResources/MaskBrushMaterial_MaskedRegion.uexp" 245
"../../../Engine/Plugins/Animation/ControlRig/Content/Controls/ControlRig_HalfCircle_3mm.ubulk" 246
"../../../Engine/Plugins/Animation/ControlRig/Content/Controls/ControlRig_HalfCircle_3mm.uasset" 247
"../../../Engine/Plugins/Animation/ControlRig/Content/Controls/ControlRig_HalfCircle_3mm.uexp" 248
"../../../Engine/Content/EngineDamageTypes/DmgTypeBP_Environmental.uasset" 249
"../../../Engine/Content/EngineDamageTypes/DmgTypeBP_Environmental.uexp" 250
"../../../Engine/Content/EngineResources/WhiteSquareTexture.uasset" 251
"../../../Engine/Content/EngineResources/WhiteSquareTexture.uexp" 252
"../../../Engine/Content/EngineMaterials/Widget3DPassThrough.uasset" 253
"../../../Engine/Content/EngineMaterials/Widget3DPassThrough.uexp" 254
"../../../Engine/Content/EngineMaterials/Widget3DPassThrough_Masked.uasset" 255
"../../../Engine/Content/EngineMaterials/Widget3DPassThrough_Masked.uexp" 256
"../../../Engine/Plugins/Animation/ControlRig/Content/Controls/ControlRig_HalfCircle_solid.ubulk" 257
"../../../Engine/Plugins/Animation/ControlRig/Content/Controls/ControlRig_HalfCircle_solid.uasset" 258
"../../../Engine/Plugins/Animation/ControlRig/Content/Controls/ControlRig_HalfCircle_solid.uexp" 259
"../../../Engine/Content/EngineMaterials/Widget3DPassThrough_Opaque.uasset" 260
"../../../Engine/Content/EngineMaterials/Widget3DPassThrough_Opaque.uexp" 261
"../../../Engine/Content/EngineMaterials/Widget3DPassThrough_Masked_OneSided.uasset" 262
"../../../Engine/Content/EngineMaterials/Widget3DPassThrough_Masked_OneSided.uexp" 263
"../../../Engine/Content/EngineMaterials/Widget3DPassThrough_Opaque_OneSided.uasset" 264
"../../../Engine/Content/EngineMaterials/Widget3DPassThrough_Opaque_OneSided.uexp" 265
"../../../Engine/Content/EditorLandscapeResources/SelectBrushMaterial.uasset" 266
"../../../Engine/Content/EditorLandscapeResources/SelectBrushMaterial.uexp" 267
"../../../Engine/Content/EditorLandscapeResources/SelectBrushMaterial_Selected.uasset" 268
"../../../Engine/Content/EditorLandscapeResources/SelectBrushMaterial_Selected.uexp" 269
"../../../Engine/Content/EditorLandscapeResources/SelectBrushMaterial_SelectedRegion.uasset" 270
"../../../Engine/Content/EditorLandscapeResources/SelectBrushMaterial_SelectedRegion.uexp" 271
"../../../Engine/Plugins/Animation/ControlRig/Content/Controls/ControlRig_Hexagon_1mm.ubulk" 272
"../../../Engine/Plugins/Animation/ControlRig/Content/Controls/ControlRig_Hexagon_1mm.uasset" 273
"../../../Engine/Plugins/Animation/ControlRig/Content/Controls/ControlRig_Hexagon_1mm.uexp" 274
"../../../Engine/Content/EngineMaterials/Widget3DPassThrough_Translucent.uasset" 275
"../../../Engine/Content/EngineMaterials/Widget3DPassThrough_Translucent.uexp" 276
"../../../Engine/Content/EngineMaterials/Widget3DPassThrough_Translucent_OneSided.uasset" 277
"../../../Engine/Content/EngineMaterials/Widget3DPassThrough_Translucent_OneSided.uexp" 278
"../../../Engine/Content/Functions/Engine_MaterialFunctions02/Utility/CameraDirectionVector.uasset" 279
"../../../Engine/Content/Functions/Engine_MaterialFunctions02/Utility/CameraDirectionVector.uexp" 280
"../../../Engine/Plugins/Experimental/MeshModelingToolsetExp/Content/Materials/GetDisplacementVectorForDepthBias.uasset" 281
"../../../Engine/Plugins/Experimental/MeshModelingToolsetExp/Content/Materials/GetDisplacementVectorForDepthBias.uexp" 282
"../../../Engine/Content/Functions/Engine_MaterialFunctions03/Viewport/MF_OrthoWidth.uasset" 283
"../../../Engine/Content/Functions/Engine_MaterialFunctions03/Viewport/MF_OrthoWidth.uexp" 284
"../../../Engine/Content/Functions/Engine_MaterialFunctions02/Utility/FOV.uasset" 285
"../../../Engine/Content/Functions/Engine_MaterialFunctions02/Utility/FOV.uexp" 286
"../../../Engine/Content/Functions/Engine_MaterialFunctions02/WorldPositionOffset/V2/ObjectScale.uasset" 287
"../../../Engine/Content/Functions/Engine_MaterialFunctions02/WorldPositionOffset/V2/ObjectScale.uexp" 288
"../../../Engine/Plugins/Experimental/MeshModelingToolsetExp/Content/Materials/PointSetOverlaidComponentMaterial.uasset" 289
"../../../Engine/Plugins/Experimental/MeshModelingToolsetExp/Content/Materials/PointSetOverlaidComponentMaterial.uexp" 290
"../../../Engine/Content/EditorLandscapeResources/SplineEditorMeshMat.uasset" 291
"../../../Engine/Content/EditorLandscapeResources/SplineEditorMeshMat.uexp" 292
"../../../Engine/Content/EditorLandscapeResources/SplineEditorMesh.ubulk" 293
"../../../Engine/Content/EditorLandscapeResources/SplineEditorMesh.uasset" 294
"../../../Engine/Content/EditorLandscapeResources/SplineEditorMesh.uexp" 295
"../../../Engine/Plugins/Animation/ControlRig/Content/Controls/ControlRig_Hexagon_3mm.ubulk" 296
"../../../Engine/Plugins/Animation/ControlRig/Content/Controls/ControlRig_Hexagon_3mm.uasset" 297
"../../../Engine/Plugins/Animation/ControlRig/Content/Controls/ControlRig_Hexagon_3mm.uexp" 298
"../../../Engine/Plugins/Animation/ControlRig/Content/Controls/ControlRig_Hexagon_solid.ubulk" 299
"../../../Engine/Plugins/Animation/ControlRig/Content/Controls/ControlRig_Hexagon_solid.uasset" 300
"../../../Engine/Plugins/Animation/ControlRig/Content/Controls/ControlRig_Hexagon_solid.uexp" 301
"../../../Engine/Plugins/Animation/ControlRig/Content/Controls/ControlRig_Octagon_1mm.ubulk" 302
"../../../Engine/Plugins/Animation/ControlRig/Content/Controls/ControlRig_Octagon_1mm.uasset" 303
"../../../Engine/Plugins/Animation/ControlRig/Content/Controls/ControlRig_Octagon_1mm.uexp" 304
"../../../Engine/Content/EngineMaterials/DefaultBloomKernel.uasset" 305
"../../../Engine/Content/EngineMaterials/DefaultBloomKernel.uexp" 306
"../../../Engine/Content/EngineDebugMaterials/DebugEditorMaterial.uasset" 307
"../../../Engine/Content/EngineDebugMaterials/DebugEditorMaterial.uexp" 308
"../../../Engine/Content/EngineMaterials/DefaultBokeh.uasset" 309
"../../../Engine/Content/EngineMaterials/DefaultBokeh.uexp" 310
"../../../Engine/Plugins/Animation/ControlRig/Content/Controls/ControlRig_Octagon_3mm.ubulk" 311
"../../../Engine/Plugins/Animation/ControlRig/Content/Controls/ControlRig_Octagon_3mm.uasset" 312
"../../../Engine/Plugins/Animation/ControlRig/Content/Controls/ControlRig_Octagon_3mm.uexp" 313
"../../../Engine/Content/EngineDebugMaterials/DebugMeshMaterial.uasset" 314
"../../../Engine/Content/EngineDebugMaterials/DebugMeshMaterial.uexp" 315
"../../../Engine/Plugins/Animation/ControlRig/Content/Controls/ControlRig_Octagon_solid.ubulk" 316
"../../../Engine/Plugins/Animation/ControlRig/Content/Controls/ControlRig_Octagon_solid.uasset" 317
"../../../Engine/Plugins/Animation/ControlRig/Content/Controls/ControlRig_Octagon_solid.uexp" 318
"../../../Engine/Plugins/Animation/ControlRig/Content/Controls/ControlRig_Pyramid_1mm.ubulk" 319
"../../../Engine/Plugins/Animation/ControlRig/Content/Controls/ControlRig_Pyramid_1mm.uasset" 320
"../../../Engine/Plugins/Animation/ControlRig/Content/Controls/ControlRig_Pyramid_1mm.uexp" 321
"../../../Engine/Plugins/Animation/ControlRig/Content/Controls/ControlRig_Pyramid_3mm.ubulk" 322
"../../../Engine/Plugins/Animation/ControlRig/Content/Controls/ControlRig_Pyramid_3mm.uasset" 323
"../../../Engine/Plugins/Animation/ControlRig/Content/Controls/ControlRig_Pyramid_3mm.uexp" 324
"../../../Engine/Plugins/Animation/ControlRig/Content/Controls/ControlRig_Pyramid_solid.ubulk" 325
"../../../Engine/Plugins/Animation/ControlRig/Content/Controls/ControlRig_Pyramid_solid.uasset" 326
"../../../Engine/Plugins/Animation/ControlRig/Content/Controls/ControlRig_Pyramid_solid.uexp" 327
"../../../Engine/Content/EngineMaterials/DefaultDeferredDecalMaterial.uasset" 328
"../../../Engine/Content/EngineMaterials/DefaultDeferredDecalMaterial.uexp" 329
"../../../Engine/Plugins/Animation/ControlRig/Content/Controls/ControlRig_QuarterCircle_1mm.ubulk" 330
"../../../Engine/Plugins/Animation/ControlRig/Content/Controls/ControlRig_QuarterCircle_1mm.uasset" 331
"../../../Engine/Plugins/Animation/ControlRig/Content/Controls/ControlRig_QuarterCircle_1mm.uexp" 332
"../../../Engine/Content/EngineMeshes/Sphere.ubulk" 333
"../../../Engine/Content/EngineMeshes/Sphere.uasset" 334
"../../../Engine/Content/EngineMeshes/Sphere.uexp" 335
"../../../Engine/Plugins/Animation/ControlRig/Content/Controls/ControlRig_QuarterCircle_3mm.ubulk" 336
"../../../Engine/Plugins/Animation/ControlRig/Content/Controls/ControlRig_QuarterCircle_3mm.uasset" 337
"../../../Engine/Plugins/Animation/ControlRig/Content/Controls/ControlRig_QuarterCircle_3mm.uexp" 338
"../../../Engine/Plugins/Interchange/Assets/Content/Functions/MX_AbsorptionVDF.uasset" 339
"../../../Engine/Plugins/Interchange/Assets/Content/Functions/MX_AbsorptionVDF.uexp" 340
"../../../Engine/Plugins/Animation/ControlRig/Content/Controls/ControlRig_QuarterCircle_solid.ubulk" 341
"../../../Engine/Plugins/Animation/ControlRig/Content/Controls/ControlRig_QuarterCircle_solid.uasset" 342
"../../../Engine/Plugins/Animation/ControlRig/Content/Controls/ControlRig_QuarterCircle_solid.uexp" 343
"../../../Engine/Plugins/Animation/ControlRig/Content/Controls/ControlRig_RoundedSquare_1mm.ubulk" 344
"../../../Engine/Plugins/Animation/ControlRig/Content/Controls/ControlRig_RoundedSquare_1mm.uasset" 345
"../../../Engine/Plugins/Animation/ControlRig/Content/Controls/ControlRig_RoundedSquare_1mm.uexp" 346
"../../../Engine/Content/EngineMaterials/DefaultLightFunctionMaterial.uasset" 347
"../../../Engine/Content/EngineMaterials/DefaultLightFunctionMaterial.uexp" 348
"../../../Engine/Plugins/Interchange/Assets/Content/Functions/MX_AnisotropicVDF.uasset" 349
"../../../Engine/Plugins/Interchange/Assets/Content/Functions/MX_AnisotropicVDF.uexp" 350
"../../../Engine/Plugins/Animation/ControlRig/Content/Controls/ControlRig_RoundedSquare_3mm.ubulk" 351
"../../../Engine/Plugins/Animation/ControlRig/Content/Controls/ControlRig_RoundedSquare_3mm.uasset" 352
"../../../Engine/Plugins/Animation/ControlRig/Content/Controls/ControlRig_RoundedSquare_3mm.uexp" 353
"../../../Engine/Plugins/Animation/ControlRig/Content/Controls/ControlRig_RoundedSquare_solid.ubulk" 354
"../../../Engine/Plugins/Animation/ControlRig/Content/Controls/ControlRig_RoundedSquare_solid.uasset" 355
"../../../Engine/Plugins/Animation/ControlRig/Content/Controls/ControlRig_RoundedSquare_solid.uexp" 356
"../../../Engine/Content/EditorResources/BSPVertex.uasset" 357
"../../../Engine/Content/EditorResources/BSPVertex.uexp" 358
"../../../Engine/Content/EngineDebugMaterials/M_SimpleUnlitTranslucent.uasset" 359
"../../../Engine/Content/EngineDebugMaterials/M_SimpleUnlitTranslucent.uexp" 360
"../../../Engine/Content/EngineDebugMaterials/VolumeToRender.uasset" 361
"../../../Engine/Content/EngineDebugMaterials/VolumeToRender.uexp" 362
"../../../Engine/Content/EngineDebugMaterials/M_VolumeRenderSphereTracePP.uasset" 363
"../../../Engine/Content/EngineDebugMaterials/M_VolumeRenderSphereTracePP.uexp" 364
"../../../Engine/Plugins/Interchange/Assets/Content/Functions/MX_BurleyDiffuseBSDF.uasset" 365
"../../../Engine/Plugins/Interchange/Assets/Content/Functions/MX_BurleyDiffuseBSDF.uexp" 366
"../../../Engine/Plugins/Animation/ControlRig/Content/Controls/ControlRig_RoundedTriangle_1mm.ubulk" 367
"../../../Engine/Plugins/Animation/ControlRig/Content/Controls/ControlRig_RoundedTriangle_1mm.uasset" 368
"../../../Engine/Plugins/Animation/ControlRig/Content/Controls/ControlRig_RoundedTriangle_1mm.uexp" 369
"../../../Engine/Content/EngineMaterials/DefaultPostProcessMaterial.uasset" 370
"../../../Engine/Content/EngineMaterials/DefaultPostProcessMaterial.uexp" 371
"../../../Engine/Plugins/Animation/ControlRig/Content/Controls/ControlRig_RoundedTriangle_3mm.ubulk" 372
"../../../Engine/Plugins/Animation/ControlRig/Content/Controls/ControlRig_RoundedTriangle_3mm.uasset" 373
"../../../Engine/Plugins/Animation/ControlRig/Content/Controls/ControlRig_RoundedTriangle_3mm.uexp" 374
"../../../Engine/Plugins/Interchange/Assets/Content/Functions/MX_ChiangHairBSDF.uasset" 375
"../../../Engine/Plugins/Interchange/Assets/Content/Functions/MX_ChiangHairBSDF.uexp" 376
"../../../Engine/Content/EngineFonts/RobotoDistanceField.uasset" 377
"../../../Engine/Content/EngineFonts/RobotoDistanceField.uexp" 378
"../../../Engine/Content/EngineMaterials/DefaultTextMaterialOpaque.uasset" 379
"../../../Engine/Content/EngineMaterials/DefaultTextMaterialOpaque.uexp" 380
"../../../Engine/Plugins/Animation/ControlRig/Content/Controls/ControlRig_RoundedTriangle_solid.ubulk" 381
"../../../Engine/Plugins/Animation/ControlRig/Content/Controls/ControlRig_RoundedTriangle_solid.uasset" 382
"../../../Engine/Plugins/Animation/ControlRig/Content/Controls/ControlRig_RoundedTriangle_solid.uexp" 383
"../../../Engine/Content/EngineMaterials/DefaultWhiteGrid.ubulk" 384
"../../../Engine/Content/EngineMaterials/DefaultWhiteGrid.uasset" 385
"../../../Engine/Content/EngineMaterials/DefaultWhiteGrid.uexp" 386
"../../../Engine/Plugins/Animation/ControlRig/Content/Controls/ControlRig_Sphere_1mm.ubulk" 387
"../../../Engine/Plugins/Animation/ControlRig/Content/Controls/ControlRig_Sphere_1mm.uasset" 388
"../../../Engine/Plugins/Animation/ControlRig/Content/Controls/ControlRig_Sphere_1mm.uexp" 389
"../../../Engine/Content/EngineResources/Black.uasset" 390
"../../../Engine/Content/EngineResources/Black.uexp" 391
"../../../Engine/Plugins/Interchange/Assets/Content/Functions/MX_ConductorBSDF.uasset" 392
"../../../Engine/Plugins/Interchange/Assets/Content/Functions/MX_ConductorBSDF.uexp" 393
"../../../Engine/Plugins/Interchange/Assets/Content/Functions/MX_ConicalEDF.uasset" 394
"../../../Engine/Plugins/Interchange/Assets/Content/Functions/MX_ConicalEDF.uexp" 395
"../../../Engine/Plugins/Animation/ControlRig/Content/Controls/ControlRig_Sphere_3mm.ubulk" 396
"../../../Engine/Plugins/Animation/ControlRig/Content/Controls/ControlRig_Sphere_3mm.uasset" 397
"../../../Engine/Plugins/Animation/ControlRig/Content/Controls/ControlRig_Sphere_3mm.uexp" 398
"../../../Engine/Plugins/Interchange/Assets/Content/Functions/MX_DielectricBSDF.uasset" 399
"../../../Engine/Plugins/Interchange/Assets/Content/Functions/MX_DielectricBSDF.uexp" 400
"../../../Engine/Plugins/Interchange/Assets/Content/Functions/MX_Displacement.uasset" 401
"../../../Engine/Plugins/Interchange/Assets/Content/Functions/MX_Displacement.uexp" 402
"../../../Engine/Plugins/Interchange/Assets/Content/Functions/MX_GeneralizedSchlickBSDF.uasset" 403
"../../../Engine/Plugins/Interchange/Assets/Content/Functions/MX_GeneralizedSchlickBSDF.uexp" 404
"../../../Engine/Content/EngineResources/DefaultTexture.ubulk" 405
"../../../Engine/Content/EngineResources/DefaultTexture.uasset" 406
"../../../Engine/Content/EngineResources/DefaultTexture.uexp" 407
"../../../Engine/Content/EngineResources/DefaultTextureCube.uasset" 408
"../../../Engine/Content/EngineResources/DefaultTextureCube.uexp" 409
"../../../Engine/Content/EditorResources/S_Actor.ubulk" 410
"../../../Engine/Content/EditorResources/S_Actor.uasset" 411
"../../../Engine/Content/EditorResources/S_Actor.uexp" 412
"../../../Engine/Content/EngineMaterials/FastBlueNoise_scalar_128x128x64.uasset" 413
"../../../Engine/Content/EngineMaterials/FastBlueNoise_scalar_128x128x64.uexp" 414
"../../../Engine/Plugins/Interchange/Assets/Content/Functions/MX_MeasuredEDF.uasset" 415
"../../../Engine/Plugins/Interchange/Assets/Content/Functions/MX_MeasuredEDF.uexp" 416
"../../../Engine/Content/EditorResources/S_BoxReflectionCapture.uasset" 417
"../../../Engine/Content/EditorResources/S_BoxReflectionCapture.uexp" 418
"../../../Engine/Content/EngineMaterials/FastBlueNoise_scalar_128x128x8.uasset" 419
"../../../Engine/Content/EngineMaterials/FastBlueNoise_scalar_128x128x8.uexp" 420
"../../../Engine/Plugins/Interchange/Assets/Content/Functions/MF_IridescenceNoLUT.uasset" 421
"../../../Engine/Plugins/Interchange/Assets/Content/Functions/MF_IridescenceNoLUT.uexp" 422
"../../../Engine/Plugins/Interchange/Assets/Content/Functions/MX_StandardSurface.uasset" 423
"../../../Engine/Plugins/Interchange/Assets/Content/Functions/MX_StandardSurface.uexp" 424
"../../../Engine/Plugins/Interchange/Assets/Content/Functions/MX_OpenPBR_Opaque.uasset" 425
"../../../Engine/Plugins/Interchange/Assets/Content/Functions/MX_OpenPBR_Opaque.uexp" 426
"../../../Engine/Plugins/Interchange/Assets/Content/Functions/MX_TransmissionSurface.uasset" 427
"../../../Engine/Plugins/Interchange/Assets/Content/Functions/MX_TransmissionSurface.uexp" 428
"../../../Engine/Plugins/Interchange/Assets/Content/Functions/MX_OpenPBR_Translucent.uasset" 429
"../../../Engine/Plugins/Interchange/Assets/Content/Functions/MX_OpenPBR_Translucent.uexp" 430
"../../../Engine/Content/EngineMaterials/FastBlueNoise_vec2_128x128x64.uasset" 431
"../../../Engine/Content/EngineMaterials/FastBlueNoise_vec2_128x128x64.uexp" 432
"../../../Engine/Content/EngineResources/GradientTexture0.uasset" 433
"../../../Engine/Content/EngineResources/GradientTexture0.uexp" 434
"../../../Engine/Plugins/Interchange/Assets/Content/Functions/MX_OrenNayarBSDF.uasset" 435
"../../../Engine/Plugins/Interchange/Assets/Content/Functions/MX_OrenNayarBSDF.uexp" 436
"../../../Engine/Content/EngineMaterials/BaseFlattenDiffuseMap.uasset" 437
"../../../Engine/Content/EngineMaterials/BaseFlattenDiffuseMap.uexp" 438
"../../../Engine/Content/EngineMaterials/BaseFlattenEmissiveMap.uasset" 439
"../../../Engine/Content/EngineMaterials/BaseFlattenEmissiveMap.uexp" 440
"../../../Engine/Content/EngineMaterials/BaseFlattenGrayscaleMap.uasset" 441
"../../../Engine/Content/EngineMaterials/BaseFlattenGrayscaleMap.uexp" 442
"../../../Engine/Content/EngineMaterials/BaseFlattenLinearColor.uasset" 443
"../../../Engine/Content/EngineMaterials/BaseFlattenLinearColor.uexp" 444
"../../../Engine/Content/EngineMaterials/BaseFlattenNormalMap.uasset" 445
"../../../Engine/Content/EngineMaterials/BaseFlattenNormalMap.uexp" 446
"../../../Engine/Content/Functions/Engine_MaterialFunctions02/PivotPainter2/Black_1x1_EXR_Texture.uasset" 447
"../../../Engine/Content/Functions/Engine_MaterialFunctions02/PivotPainter2/Black_1x1_EXR_Texture.uexp" 448
"../../../Engine/Content/EngineMaterials/FlattenMaterial.uasset" 449
"../../../Engine/Content/EngineMaterials/FlattenMaterial.uexp" 450
"../../../Engine/Content/EngineMaterials/BaseFlattenDiffuseMap_VT.uasset" 451
"../../../Engine/Content/EngineMaterials/BaseFlattenDiffuseMap_VT.uexp" 452
"../../../Engine/Content/EngineMaterials/BaseFlattenEmissiveMap_VT.uasset" 453
"../../../Engine/Content/EngineMaterials/BaseFlattenEmissiveMap_VT.uexp" 454
"../../../Engine/Content/EngineMaterials/BaseFlattenGrayscaleMap_VT.uasset" 455
"../../../Engine/Content/EngineMaterials/BaseFlattenGrayscaleMap_VT.uexp" 456
"../../../Engine/Content/EngineMaterials/BaseFlattenLinearColor_VT.uasset" 457
"../../../Engine/Content/EngineMaterials/BaseFlattenLinearColor_VT.uexp" 458
"../../../Engine/Content/EngineMaterials/BaseFlattenNormalMap_VT.uasset" 459
"../../../Engine/Content/EngineMaterials/BaseFlattenNormalMap_VT.uexp" 460
"../../../Engine/Content/EngineMaterials/Black_1x1_EXR_Texture_VT.uasset" 461
"../../../Engine/Content/EngineMaterials/Black_1x1_EXR_Texture_VT.uexp" 462
"../../../Engine/Content/EngineMaterials/FlattenMaterial_VT.uasset" 463
"../../../Engine/Content/EngineMaterials/FlattenMaterial_VT.uexp" 464
"../../../Engine/Content/EngineMaterials/FlattenMaterial_WS_Normal_VT.uasset" 465
"../../../Engine/Content/EngineMaterials/FlattenMaterial_WS_Normal_VT.uexp" 466
"../../../Engine/Content/EngineMaterials/GizmoMaterial.uasset" 467
"../../../Engine/Content/EngineMaterials/GizmoMaterial.uexp" 468
"../../../Engine/Plugins/Interchange/Assets/Content/Functions/MX_SheenBSDF.uasset" 469
"../../../Engine/Plugins/Interchange/Assets/Content/Functions/MX_SheenBSDF.uexp" 470
"../../../Engine/Content/EngineResources/LandscapeVisibilityLayerInfo.uasset" 471
"../../../Engine/Content/EngineResources/LandscapeVisibilityLayerInfo.uexp" 472
"../../../Engine/Plugins/Interchange/Assets/Content/Functions/MX_SubsurfaceBSDF.uasset" 473
"../../../Engine/Plugins/Interchange/Assets/Content/Functions/MX_SubsurfaceBSDF.uexp" 474
"../../../Engine/Plugins/Interchange/Assets/Content/Functions/MX_Surface.uasset" 475
"../../../Engine/Plugins/Interchange/Assets/Content/Functions/MX_Surface.uexp" 476
"../../../Engine/Plugins/Interchange/Assets/Content/Functions/MX_SurfaceUnlit.uasset" 477
"../../../Engine/Plugins/Interchange/Assets/Content/Functions/MX_SurfaceUnlit.uexp" 478
"../../../Engine/Plugins/Interchange/Assets/Content/Functions/MX_TranslucentBSDF.uasset" 479
"../../../Engine/Plugins/Interchange/Assets/Content/Functions/MX_TranslucentBSDF.uexp" 480
"../../../Engine/Plugins/Interchange/Assets/Content/Functions/MX_UniformEDF.uasset" 481
"../../../Engine/Plugins/Interchange/Assets/Content/Functions/MX_UniformEDF.uexp" 482
"../../../Engine/Content/Functions/Engine_MaterialFunctions02/SplitComponents.uasset" 483
"../../../Engine/Content/Functions/Engine_MaterialFunctions02/SplitComponents.uexp" 484
"../../../Engine/Content/Functions/Engine_MaterialFunctions02/Math/Transform3x3Matrix.uasset" 485
"../../../Engine/Content/Functions/Engine_MaterialFunctions02/Math/Transform3x3Matrix.uexp" 486
"../../../Engine/Content/VREditor/SnapGrid/SnapGridMaterial.uasset" 487
"../../../Engine/Content/VREditor/SnapGrid/SnapGridMaterial.uexp" 488
"../../../Engine/Content/VREditor/SnapGrid/SnapGridPlaneMesh.ubulk" 489
"../../../Engine/Content/VREditor/SnapGrid/SnapGridPlaneMesh.uasset" 490
"../../../Engine/Content/VREditor/SnapGrid/SnapGridPlaneMesh.uexp" 491
"../../../Engine/Content/VREditor/LaserPointer/VR_LaserPower_01.ubulk" 492
"../../../Engine/Content/VREditor/LaserPointer/VR_LaserPower_01.uasset" 493
"../../../Engine/Content/VREditor/LaserPointer/VR_LaserPower_01.uexp" 494
"../../../Engine/Content/VREditor/TransformGizmo/TransformGizmoMaterial.uasset" 495
"../../../Engine/Content/VREditor/TransformGizmo/TransformGizmoMaterial.uexp" 496
"../../../Engine/Content/VREditor/TransformGizmo/TranslucentTransformGizmoMaterial.uasset" 497
"../../../Engine/Content/VREditor/TransformGizmo/TranslucentTransformGizmoMaterial.uexp" 498
"../../../Engine/Content/VREditor/TransformGizmo/PlaneTranslationHandle.ubulk" 499
"../../../Engine/Content/VREditor/TransformGizmo/PlaneTranslationHandle.uasset" 500
"../../../Engine/Content/VREditor/TransformGizmo/PlaneTranslationHandle.uexp" 501
"../../../Engine/Content/VREditor/TransformGizmo/RotationHandleFull.ubulk" 502
"../../../Engine/Content/VREditor/TransformGizmo/RotationHandleFull.uasset" 503
"../../../Engine/Content/VREditor/TransformGizmo/RotationHandleFull.uexp" 504
"../../../Engine/Content/VREditor/TransformGizmo/RotationHandleIndicator.ubulk" 505
"../../../Engine/Content/VREditor/TransformGizmo/RotationHandleIndicator.uasset" 506
"../../../Engine/Content/VREditor/TransformGizmo/RotationHandleIndicator.uexp" 507
"../../../Engine/Content/VREditor/TransformGizmo/RotationHandleQuarter.ubulk" 508
"../../../Engine/Content/VREditor/TransformGizmo/RotationHandleQuarter.uasset" 509
"../../../Engine/Content/VREditor/TransformGizmo/RotationHandleQuarter.uexp" 510
"../../../Engine/Content/VREditor/TransformGizmo/StartRotationHandleIndicator.ubulk" 511
"../../../Engine/Content/VREditor/TransformGizmo/StartRotationHandleIndicator.uasset" 512
"../../../Engine/Content/VREditor/TransformGizmo/StartRotationHandleIndicator.uexp" 513
"../../../Engine/Content/VREditor/TransformGizmo/TranslucentTransformGizmoMaterial_Inst.uasset" 514
"../../../Engine/Content/VREditor/TransformGizmo/TranslucentTransformGizmoMaterial_Inst.uexp" 515
"../../../Engine/Content/VREditor/TransformGizmo/TransformGizmoFreeRotation.ubulk" 516
"../../../Engine/Content/VREditor/TransformGizmo/TransformGizmoFreeRotation.uasset" 517
"../../../Engine/Content/VREditor/TransformGizmo/TransformGizmoFreeRotation.uexp" 518
"../../../Engine/Content/VREditor/TransformGizmo/TransformGizmoMaterial_Inst.uasset" 519
"../../../Engine/Content/VREditor/TransformGizmo/TransformGizmoMaterial_Inst.uexp" 520
"../../../Engine/Content/VREditor/TransformGizmo/TranslateArrowHandle.ubulk" 521
"../../../Engine/Content/VREditor/TransformGizmo/TranslateArrowHandle.uasset" 522
"../../../Engine/Content/VREditor/TransformGizmo/TranslateArrowHandle.uexp" 523
"../../../Engine/Content/VREditor/TransformGizmo/UniformScaleHandle.ubulk" 524
"../../../Engine/Content/VREditor/TransformGizmo/UniformScaleHandle.uasset" 525
"../../../Engine/Content/VREditor/TransformGizmo/UniformScaleHandle.uexp" 526
"../../../Engine/Content/VREditor/Sounds/UI/Drop_Item_From_ContentBrowser.ubulk" 527
"../../../Engine/Content/VREditor/Sounds/UI/Drop_Item_From_ContentBrowser.uasset" 528
"../../../Engine/Content/VREditor/Sounds/UI/Drop_Item_From_ContentBrowser.uexp" 529
"../../../Engine/Content/VREditor/Sounds/UI/Gizmo_Handle_Clicked.ubulk" 530
"../../../Engine/Content/VREditor/Sounds/UI/Gizmo_Handle_Clicked.uasset" 531
"../../../Engine/Content/VREditor/Sounds/UI/Gizmo_Handle_Clicked.uexp" 532
"../../../Engine/Content/VREditor/Sounds/UI/Object_PickUp.ubulk" 533
"../../../Engine/Content/VREditor/Sounds/UI/Object_PickUp.uasset" 534
"../../../Engine/Content/VREditor/Sounds/UI/Object_PickUp.uexp" 535
"../../../Engine/Content/VREditor/Sounds/UI/Object_Snaps_To_Another_Actor.ubulk" 536
"../../../Engine/Content/VREditor/Sounds/UI/Object_Snaps_To_Another_Actor.uasset" 537
"../../../Engine/Content/VREditor/Sounds/UI/Object_Snaps_To_Another_Actor.uexp" 538
"../../../Engine/Content/VREditor/Sounds/UI/Object_Snaps_To_Grid.ubulk" 539
"../../../Engine/Content/VREditor/Sounds/UI/Object_Snaps_To_Grid.uasset" 540
"../../../Engine/Content/VREditor/Sounds/UI/Object_Snaps_To_Grid.uexp" 541
"../../../Engine/Content/VREditor/Sounds/UI/Scaling_Down.ubulk" 542
"../../../Engine/Content/VREditor/Sounds/UI/Scaling_Down.uasset" 543
"../../../Engine/Content/VREditor/Sounds/UI/Scaling_Down.uexp" 544
"../../../Engine/Content/VREditor/Sounds/UI/Scaling_Up.ubulk" 545
"../../../Engine/Content/VREditor/Sounds/UI/Scaling_Up.uasset" 546
"../../../Engine/Content/VREditor/Sounds/UI/Scaling_Up.uexp" 547
"../../../Engine/Content/VREditor/Sounds/UI/Selection_Changes.ubulk" 548
"../../../Engine/Content/VREditor/Sounds/UI/Selection_Changes.uasset" 549
"../../../Engine/Content/VREditor/Sounds/UI/Selection_Changes.uexp" 550
"../../../Engine/Plugins/Interchange/Assets/Content/Functions/MX_UsdPreviewSurface.uasset" 551
"../../../Engine/Plugins/Interchange/Assets/Content/Functions/MX_UsdPreviewSurface.uexp" 552
"../../../Engine/Plugins/Interchange/Assets/Content/Substrate/MX_SimpleVolume.uasset" 553
"../../../Engine/Plugins/Interchange/Assets/Content/Substrate/MX_SimpleVolume.uexp" 554
"../../../Engine/Plugins/Animation/ControlRig/Content/Controls/ControlRigGizmoMaterial.uasset" 555
"../../../Engine/Plugins/Animation/ControlRig/Content/Controls/ControlRigGizmoMaterial.uexp" 556
"../../../Engine/Plugins/Animation/ControlRig/Content/Controls/ControlRigXRayMaterial.uasset" 557
"../../../Engine/Plugins/Animation/ControlRig/Content/Controls/ControlRigXRayMaterial.uexp" 558
"../../../Engine/Plugins/Animation/ControlRig/Content/Controls/ControlRig_Sphere_solid.ubulk" 559
"../../../Engine/Plugins/Animation/ControlRig/Content/Controls/ControlRig_Sphere_solid.uasset" 560
"../../../Engine/Plugins/Animation/ControlRig/Content/Controls/ControlRig_Sphere_solid.uexp" 561
"../../../Engine/Plugins/Animation/ControlRig/Content/Controls/ControlRig_Arrow2_1mm.ubulk" 562
"../../../Engine/Plugins/Animation/ControlRig/Content/Controls/ControlRig_Arrow2_1mm.uasset" 563
"../../../Engine/Plugins/Animation/ControlRig/Content/Controls/ControlRig_Arrow2_1mm.uexp" 564
"../../../Engine/Plugins/Animation/ControlRig/Content/Controls/ControlRig_Square_1mm.ubulk" 565
"../../../Engine/Plugins/Animation/ControlRig/Content/Controls/ControlRig_Square_1mm.uasset" 566
"../../../Engine/Plugins/Animation/ControlRig/Content/Controls/ControlRig_Square_1mm.uexp" 567
"../../../Engine/Plugins/Animation/ControlRig/Content/Controls/ControlRig_Arrow2_3mm.ubulk" 568
"../../../Engine/Plugins/Animation/ControlRig/Content/Controls/ControlRig_Arrow2_3mm.uasset" 569
"../../../Engine/Plugins/Animation/ControlRig/Content/Controls/ControlRig_Arrow2_3mm.uexp" 570
"../../../Engine/Plugins/Animation/ControlRig/Content/Controls/ControlRig_Square_3mm.ubulk" 571
"../../../Engine/Plugins/Animation/ControlRig/Content/Controls/ControlRig_Square_3mm.uasset" 572
"../../../Engine/Plugins/Animation/ControlRig/Content/Controls/ControlRig_Square_3mm.uexp" 573
"../../../Engine/Plugins/Animation/ControlRig/Content/Controls/ControlRig_Arrow2_solid.ubulk" 574
"../../../Engine/Plugins/Animation/ControlRig/Content/Controls/ControlRig_Arrow2_solid.uasset" 575
"../../../Engine/Plugins/Animation/ControlRig/Content/Controls/ControlRig_Arrow2_solid.uexp" 576
"../../../Engine/Plugins/Animation/ControlRig/Content/Controls/ControlRig_Arrow4_1mm.ubulk" 577
"../../../Engine/Plugins/Animation/ControlRig/Content/Controls/ControlRig_Arrow4_1mm.uasset" 578
"../../../Engine/Plugins/Animation/ControlRig/Content/Controls/ControlRig_Arrow4_1mm.uexp" 579
"../../../Engine/Plugins/Animation/ControlRig/Content/Controls/ControlRig_Square_solid.ubulk" 580
"../../../Engine/Plugins/Animation/ControlRig/Content/Controls/ControlRig_Square_solid.uasset" 581
"../../../Engine/Plugins/Animation/ControlRig/Content/Controls/ControlRig_Square_solid.uexp" 582
"../../../Engine/Plugins/Animation/ControlRig/Content/Controls/ControlRig_Arrow4_3mm.ubulk" 583
"../../../Engine/Plugins/Animation/ControlRig/Content/Controls/ControlRig_Arrow4_3mm.uasset" 584
"../../../Engine/Plugins/Animation/ControlRig/Content/Controls/ControlRig_Arrow4_3mm.uexp" 585
"../../../Engine/Plugins/Animation/ControlRig/Content/Controls/ControlRig_Star4_1mm.ubulk" 586
"../../../Engine/Plugins/Animation/ControlRig/Content/Controls/ControlRig_Star4_1mm.uasset" 587
"../../../Engine/Plugins/Animation/ControlRig/Content/Controls/ControlRig_Star4_1mm.uexp" 588
"../../../Engine/Plugins/Animation/ControlRig/Content/Controls/ControlRig_Arrow4_solid.ubulk" 589
"../../../Engine/Plugins/Animation/ControlRig/Content/Controls/ControlRig_Arrow4_solid.uasset" 590
"../../../Engine/Plugins/Animation/ControlRig/Content/Controls/ControlRig_Arrow4_solid.uexp" 591
"../../../Engine/Plugins/Animation/ControlRig/Content/Controls/ControlRig_Star4_3mm.ubulk" 592
"../../../Engine/Plugins/Animation/ControlRig/Content/Controls/ControlRig_Star4_3mm.uasset" 593
"../../../Engine/Plugins/Animation/ControlRig/Content/Controls/ControlRig_Star4_3mm.uexp" 594
"../../../Engine/Plugins/Animation/ControlRig/Content/Controls/ControlRig_Arrow_1mm.ubulk" 595
"../../../Engine/Plugins/Animation/ControlRig/Content/Controls/ControlRig_Arrow_1mm.uasset" 596
"../../../Engine/Plugins/Animation/ControlRig/Content/Controls/ControlRig_Arrow_1mm.uexp" 597
"../../../Engine/Content/EngineMaterials/MiniFont.uasset" 598
"../../../Engine/Content/EngineMaterials/MiniFont.uexp" 599
"../../../Engine/Plugins/Animation/ControlRig/Content/Controls/ControlRig_Star4_solid.ubulk" 600
"../../../Engine/Plugins/Animation/ControlRig/Content/Controls/ControlRig_Star4_solid.uasset" 601
"../../../Engine/Plugins/Animation/ControlRig/Content/Controls/ControlRig_Star4_solid.uexp" 602
"../../../Engine/Plugins/Animation/ControlRig/Content/Controls/ControlRig_Arrow_3mm.ubulk" 603
"../../../Engine/Plugins/Animation/ControlRig/Content/Controls/ControlRig_Arrow_3mm.uasset" 604
"../../../Engine/Plugins/Animation/ControlRig/Content/Controls/ControlRig_Arrow_3mm.uexp" 605
"../../../Engine/Content/EngineMaterials/InvalidLightmapSettings.ubulk" 606
"../../../Engine/Content/EngineMaterials/InvalidLightmapSettings.uasset" 607
"../../../Engine/Content/EngineMaterials/InvalidLightmapSettings.uexp" 608
"../../../Engine/Content/EngineMaterials/M_InvalidLightmapSettings.uasset" 609
"../../../Engine/Content/EngineMaterials/M_InvalidLightmapSettings.uexp" 610
"../../../Engine/Content/EngineMaterials/NaniteHiddenSectionMaterial.uasset" 611
"../../../Engine/Content/EngineMaterials/NaniteHiddenSectionMaterial.uexp" 612
"../../../Engine/Plugins/Animation/ControlRig/Content/Controls/ControlRig_Arrow_solid.ubulk" 613
"../../../Engine/Plugins/Animation/ControlRig/Content/Controls/ControlRig_Arrow_solid.uasset" 614
"../../../Engine/Plugins/Animation/ControlRig/Content/Controls/ControlRig_Arrow_solid.uexp" 615
"../../../Engine/Plugins/Animation/ControlRig/Content/Controls/ControlRig_Triangle_1mm.ubulk" 616
"../../../Engine/Plugins/Animation/ControlRig/Content/Controls/ControlRig_Triangle_1mm.uasset" 617
"../../../Engine/Plugins/Animation/ControlRig/Content/Controls/ControlRig_Triangle_1mm.uexp" 618
"../../../Engine/Plugins/Animation/ControlRig/Content/Controls/ControlRig_Box_1mm.ubulk" 619
"../../../Engine/Plugins/Animation/ControlRig/Content/Controls/ControlRig_Box_1mm.uasset" 620
"../../../Engine/Plugins/Animation/ControlRig/Content/Controls/ControlRig_Box_1mm.uexp" 621
"../../../Engine/Plugins/Animation/ControlRig/Content/Controls/ControlRig_Triangle_3mm.ubulk" 622
"../../../Engine/Plugins/Animation/ControlRig/Content/Controls/ControlRig_Triangle_3mm.uasset" 623
"../../../Engine/Plugins/Animation/ControlRig/Content/Controls/ControlRig_Triangle_3mm.uexp" 624
"../../../Engine/Plugins/Animation/ControlRig/Content/Controls/ControlRig_Box_3mm.ubulk" 625
"../../../Engine/Plugins/Animation/ControlRig/Content/Controls/ControlRig_Box_3mm.uasset" 626
"../../../Engine/Plugins/Animation/ControlRig/Content/Controls/ControlRig_Box_3mm.uexp" 627
"../../../Engine/Plugins/Animation/ControlRig/Content/Controls/ControlRig_Triangle_solid.ubulk" 628
"../../../Engine/Plugins/Animation/ControlRig/Content/Controls/ControlRig_Triangle_solid.uasset" 629
"../../../Engine/Plugins/Animation/ControlRig/Content/Controls/ControlRig_Triangle_solid.uexp" 630
"../../../Engine/Plugins/Animation/ControlRig/Content/Controls/ControlRig_Wedge_1mm.ubulk" 631
"../../../Engine/Plugins/Animation/ControlRig/Content/Controls/ControlRig_Wedge_1mm.uasset" 632
"../../../Engine/Plugins/Animation/ControlRig/Content/Controls/ControlRig_Wedge_1mm.uexp" 633
"../../../Engine/Content/Functions/Engine_MaterialFunctions02/WorldPositionOffset/CameraOffset.uasset" 634
"../../../Engine/Content/Functions/Engine_MaterialFunctions02/WorldPositionOffset/CameraOffset.uexp" 635
"../../../Engine/Content/EngineMaterials/PhAT_JointLimitMaterial.uasset" 636
"../../../Engine/Content/EngineMaterials/PhAT_JointLimitMaterial.uexp" 637
"../../../Engine/Plugins/Animation/ControlRig/Content/Controls/ControlRig_Wedge_3mm.ubulk" 638
"../../../Engine/Plugins/Animation/ControlRig/Content/Controls/ControlRig_Wedge_3mm.uasset" 639
"../../../Engine/Plugins/Animation/ControlRig/Content/Controls/ControlRig_Wedge_3mm.uexp" 640
"../../../Engine/Content/EditorMaterials/ParticleSystems/PSysThumbnail_NoImage.ubulk" 641
"../../../Engine/Content/EditorMaterials/ParticleSystems/PSysThumbnail_NoImage.uasset" 642
"../../../Engine/Content/EditorMaterials/ParticleSystems/PSysThumbnail_NoImage.uexp" 643
"../../../Engine/Content/EngineMaterials/DefaultCalibrationColor.uasset" 644
"../../../Engine/Content/EngineMaterials/DefaultCalibrationColor.uexp" 645
"../../../Engine/Content/EngineMaterials/PPM_DefaultCalibrationColor.uasset" 646
"../../../Engine/Content/EngineMaterials/PPM_DefaultCalibrationColor.uexp" 647
"../../../Engine/Plugins/Animation/ControlRig/Content/Controls/ControlRig_Wedge_solid.ubulk" 648
"../../../Engine/Plugins/Animation/ControlRig/Content/Controls/ControlRig_Wedge_solid.uasset" 649
"../../../Engine/Plugins/Animation/ControlRig/Content/Controls/ControlRig_Wedge_solid.uexp" 650
"../../../Engine/Content/EditorMaterials/ParticleSystems/PSysThumbnail_OOD.ubulk" 651
"../../../Engine/Content/EditorMaterials/ParticleSystems/PSysThumbnail_OOD.uasset" 652
"../../../Engine/Content/EditorMaterials/ParticleSystems/PSysThumbnail_OOD.uexp" 653
"../../../Engine/Content/EngineMaterials/DefaultCalibrationGrayscale.uasset" 654
"../../../Engine/Content/EngineMaterials/DefaultCalibrationGrayscale.uexp" 655
"../../../Engine/Content/EngineMaterials/PPM_DefaultCalibrationGrayscale.uasset" 656
"../../../Engine/Content/EngineMaterials/PPM_DefaultCalibrationGrayscale.uexp" 657
"../../../Engine/Content/EngineMaterials/PreintegratedSkinBRDF.uasset" 658
"../../../Engine/Content/EngineMaterials/PreintegratedSkinBRDF.uexp" 659
"../../../Engine/Content/EngineMaterials/RemoveSurfaceMaterial.uasset" 660
"../../../Engine/Content/EngineMaterials/RemoveSurfaceMaterial.uexp" 661
"../../../Engine/Content/EngineMaterials/SMAAAreaTex.uasset" 662
"../../../Engine/Content/EngineMaterials/SMAAAreaTex.uexp" 663
"../../../Engine/Content/EditorMaterials/Camera/CineMat.uasset" 664
"../../../Engine/Content/EditorMaterials/Camera/CineMat.uexp" 665
"../../../Engine/Content/EditorMaterials/Camera/MI_CineMat_Rig.uasset" 666
"../../../Engine/Content/EditorMaterials/Camera/MI_CineMat_Rig.uexp" 667
"../../../Engine/Content/EditorMeshes/Camera/SM_CraneRig_Arm.ubulk" 668
"../../../Engine/Content/EditorMeshes/Camera/SM_CraneRig_Arm.uasset" 669
"../../../Engine/Content/EditorMeshes/Camera/SM_CraneRig_Arm.uexp" 670
"../../../Engine/Content/EditorMeshes/Camera/SM_CraneRig_Base.ubulk" 671
"../../../Engine/Content/EditorMeshes/Camera/SM_CraneRig_Base.uasset" 672
"../../../Engine/Content/EditorMeshes/Camera/SM_CraneRig_Base.uexp" 673
"../../../Engine/Content/EngineMaterials/SMAASearchTex.uasset" 674
"../../../Engine/Content/EngineMaterials/SMAASearchTex.uexp" 675
"../../../Engine/Content/EditorMeshes/Camera/SM_CraneRig_Body.ubulk" 676
"../../../Engine/Content/EditorMeshes/Camera/SM_CraneRig_Body.uasset" 677
"../../../Engine/Content/EditorMeshes/Camera/SM_CraneRig_Body.uexp" 678
"../../../Engine/Content/EngineMaterials/EnergyConservation/Diffuse_Energy.uasset" 679
"../../../Engine/Content/EngineMaterials/EnergyConservation/Diffuse_Energy.uexp" 680
"../../../Engine/Content/EditorMeshes/Camera/SM_CraneRig_Mount.ubulk" 681
"../../../Engine/Content/EditorMeshes/Camera/SM_CraneRig_Mount.uasset" 682
"../../../Engine/Content/EditorMeshes/Camera/SM_CraneRig_Mount.uexp" 683
"../../../Engine/Content/EngineMaterials/EnergyConservation/GGX_ReflectionEnergy.uasset" 684
"../../../Engine/Content/EngineMaterials/EnergyConservation/GGX_ReflectionEnergy.uexp" 685
"../../../Engine/Content/EngineMaterials/EnergyConservation/GGX_TransmissionEnergyArray.uasset" 686
"../../../Engine/Content/EngineMaterials/EnergyConservation/GGX_TransmissionEnergyArray.uexp" 687
"../../../Engine/Content/EditorMeshes/Camera/SM_RailRig_Mount.ubulk" 688
"../../../Engine/Content/EditorMeshes/Camera/SM_RailRig_Mount.uasset" 689
"../../../Engine/Content/EditorMeshes/Camera/SM_RailRig_Mount.uexp" 690
"../../../Engine/Content/EditorMeshes/Camera/SM_RailRig_Track.ubulk" 691
"../../../Engine/Content/EditorMeshes/Camera/SM_RailRig_Track.uasset" 692
"../../../Engine/Content/EditorMeshes/Camera/SM_RailRig_Track.uexp" 693
"../../../Engine/Plugins/Runtime/HairStrands/Content/Materials/HairCardsDefaultMaterial.uasset" 694
"../../../Engine/Plugins/Runtime/HairStrands/Content/Materials/HairCardsDefaultMaterial.uexp" 695
"../../../Engine/Content/EngineMaterials/EnergyConservation/SheenLegacy_Energy.uasset" 696
"../../../Engine/Content/EngineMaterials/EnergyConservation/SheenLegacy_Energy.uexp" 697
"../../../Engine/Content/Functions/Engine_MaterialFunctions02/Utility/MakeFloat2.uasset" 698
"../../../Engine/Content/Functions/Engine_MaterialFunctions02/Utility/MakeFloat2.uexp" 699
"../../../Engine/Content/EngineMaterials/HairColorMap.uasset" 700
"../../../Engine/Content/EngineMaterials/HairColorMap.uexp" 701
"../../../Engine/Content/EngineMaterials/HairDebugColor.uasset" 702
"../../../Engine/Content/EngineMaterials/HairDebugColor.uexp" 703
"../../../Engine/Plugins/Runtime/HairStrands/Content/Materials/HairGroupColors.uasset" 704
"../../../Engine/Plugins/Runtime/HairStrands/Content/Materials/HairGroupColors.uexp" 705
"../../../Engine/Plugins/Runtime/HairStrands/Content/Materials/HairDebugMaterial.uasset" 706
"../../../Engine/Plugins/Runtime/HairStrands/Content/Materials/HairDebugMaterial.uexp" 707
"../../../Engine/Content/EngineMaterials/EnergyConservation/Sheen_Energy.uasset" 708
"../../../Engine/Content/EngineMaterials/EnergyConservation/Sheen_Energy.uexp" 709
"../../../Engine/Plugins/Runtime/HairStrands/Content/Materials/HairDefaultMaterial.uasset" 710
"../../../Engine/Plugins/Runtime/HairStrands/Content/Materials/HairDefaultMaterial.uexp" 711
"../../../Engine/Content/EngineMaterials/LTC/GGX_LTCAmp.uasset" 712
"../../../Engine/Content/EngineMaterials/LTC/GGX_LTCAmp.uexp" 713
"../../../Engine/Plugins/Runtime/HairStrands/Content/Materials/HairMeshesDefaultMaterial.uasset" 714
"../../../Engine/Plugins/Runtime/HairStrands/Content/Materials/HairMeshesDefaultMaterial.uexp" 715
"../../../Engine/Plugins/Runtime/AudioWidgets/Content/Resources/ScrubHandleDown_Clamped.uasset" 716
"../../../Engine/Plugins/Runtime/AudioWidgets/Content/Resources/ScrubHandleDown_Clamped.uexp" 717
"../../../Engine/Content/EngineMaterials/LTC/GGX_LTCMat.uasset" 718
"../../../Engine/Content/EngineMaterials/LTC/GGX_LTCMat.uexp" 719
"../../../Engine/Content/EngineMaterials/LTC/Sheen_LTC.uasset" 720
"../../../Engine/Content/EngineMaterials/LTC/Sheen_LTC.uexp" 721
"../../../Engine/Content/EngineResources/Development/ZenLogo_64.uasset" 722
"../../../Engine/Content/EngineResources/Development/ZenLogo_64.uexp" 723
"../../../Engine/Content/EngineResources/FilmGrains/Marcie_Grain_v3_128_M2_000.uasset" 724
"../../../Engine/Content/EngineResources/FilmGrains/Marcie_Grain_v3_128_M2_000.uexp" 725
"../../../Engine/Content/EditorMaterials/Dataflow/DataflowTwoSidedVertexMaterial.uasset" 726
"../../../Engine/Content/EditorMaterials/Dataflow/DataflowTwoSidedVertexMaterial.uexp" 727
"../../../Engine/Content/EditorMaterials/Dataflow/DataflowVertexMaterial.uasset" 728
"../../../Engine/Content/EditorMaterials/Dataflow/DataflowVertexMaterial.uexp" 729
"../../../Engine/Content/VREditor/TransformGizmo/BoundingBoxCorner.ubulk" 730
"../../../Engine/Content/VREditor/TransformGizmo/BoundingBoxCorner.uasset" 731
"../../../Engine/Content/VREditor/TransformGizmo/BoundingBoxCorner.uexp" 732
"../../../Engine/Content/VREditor/TransformGizmo/BoundingBoxEdge.ubulk" 733
"../../../Engine/Content/VREditor/TransformGizmo/BoundingBoxEdge.uasset" 734
"../../../Engine/Content/VREditor/TransformGizmo/BoundingBoxEdge.uexp" 735
"../../../Engine/Plugins/2D/Paper2D/Content/DefaultSpriteMaterial.uasset" 736
"../../../Engine/Plugins/2D/Paper2D/Content/DefaultSpriteMaterial.uexp" 737
"../../../Engine/Plugins/2D/Paper2D/Content/MaskedUnlitSpriteMaterial.uasset" 738
"../../../Engine/Plugins/2D/Paper2D/Content/MaskedUnlitSpriteMaterial.uexp" 739
"../../../Engine/Plugins/2D/Paper2D/Content/OpaqueUnlitSpriteMaterial.uasset" 740
"../../../Engine/Plugins/2D/Paper2D/Content/OpaqueUnlitSpriteMaterial.uexp" 741
"../../../Engine/Plugins/Animation/ControlRig/Content/M_Manip.uasset" 742
"../../../Engine/Plugins/Animation/ControlRig/Content/M_Manip.uexp" 743
"../../../Engine/Content/EditorResources/SequenceRecorder/Countdown.uasset" 744
"../../../Engine/Content/EditorResources/SequenceRecorder/Countdown.uexp" 745
"../../../Engine/Content/EditorResources/SequenceRecorder/RecordingIndicator.uasset" 746
"../../../Engine/Content/EditorResources/SequenceRecorder/RecordingIndicator.uexp" 747
"../../../Engine/Content/Functions/Engine_MaterialFunctions01/Texturing/FlattenNormal.uasset" 748
"../../../Engine/Content/Functions/Engine_MaterialFunctions01/Texturing/FlattenNormal.uexp" 749
"../../../Engine/Plugins/Interchange/Assets/Content/Utilities/New_LUT.uasset" 750
"../../../Engine/Plugins/Interchange/Assets/Content/Utilities/New_LUT.uexp" 751
"../../../Engine/Content/Functions/Engine_MaterialFunctions03/Math/RemapValueRange.uasset" 752
"../../../Engine/Content/Functions/Engine_MaterialFunctions03/Math/RemapValueRange.uexp" 753
"../../../Engine/Plugins/Interchange/Assets/Content/Functions/MF_Iridescence.uasset" 754
"../../../Engine/Plugins/Interchange/Assets/Content/Functions/MF_Iridescence.uexp" 755
"../../../Engine/Plugins/Interchange/Assets/Content/gltf/Textures/T_White_srgb.uasset" 756
"../../../Engine/Plugins/Interchange/Assets/Content/gltf/Textures/T_White_srgb.uexp" 757
"../../../Engine/Plugins/Interchange/Assets/Content/gltf/MaterialFunctions/MF_BaseColor.uasset" 758
"../../../Engine/Plugins/Interchange/Assets/Content/gltf/MaterialFunctions/MF_BaseColor.uexp" 759
"../../../Engine/Plugins/Interchange/Assets/Content/gltf/MaterialFunctions/MF_RotateNormals_TS.uasset" 760
"../../../Engine/Plugins/Interchange/Assets/Content/gltf/MaterialFunctions/MF_RotateNormals_TS.uexp" 761
"../../../Engine/Plugins/Interchange/Assets/Content/gltf/Textures/T_Generic_N.uasset" 762
"../../../Engine/Plugins/Interchange/Assets/Content/gltf/Textures/T_Generic_N.uexp" 763
"../../../Engine/Plugins/Interchange/Assets/Content/gltf/Textures/T_White_Linear.uasset" 764
"../../../Engine/Plugins/Interchange/Assets/Content/gltf/Textures/T_White_Linear.uexp" 765
"../../../Engine/Plugins/Interchange/Assets/Content/gltf/MaterialFunctions/MF_Clearcoat.uasset" 766
"../../../Engine/Plugins/Interchange/Assets/Content/gltf/MaterialFunctions/MF_Clearcoat.uexp" 767
"../../../Engine/Plugins/Interchange/Assets/Content/gltf/MaterialFunctions/MF_Emissive.uasset" 768
"../../../Engine/Plugins/Interchange/Assets/Content/gltf/MaterialFunctions/MF_Emissive.uexp" 769
"../../../Engine/Plugins/Interchange/Assets/Content/gltf/MaterialFunctions/MF_IOR.uasset" 770
"../../../Engine/Plugins/Interchange/Assets/Content/gltf/MaterialFunctions/MF_IOR.uexp" 771
"../../../Engine/Plugins/Interchange/Assets/Content/gltf/MaterialFunctions/MF_Iridescence.uasset" 772
"../../../Engine/Plugins/Interchange/Assets/Content/gltf/MaterialFunctions/MF_Iridescence.uexp" 773
"../../../Engine/Plugins/Interchange/Assets/Content/gltf/MaterialFunctions/MF_MetallicRoughness.uasset" 774
"../../../Engine/Plugins/Interchange/Assets/Content/gltf/MaterialFunctions/MF_MetallicRoughness.uexp" 775
"../../../Engine/Plugins/Interchange/Assets/Content/gltf/MaterialFunctions/MF_ScaleNormal.uasset" 776
"../../../Engine/Plugins/Interchange/Assets/Content/gltf/MaterialFunctions/MF_ScaleNormal.uexp" 777
"../../../Engine/Plugins/Interchange/Assets/Content/gltf/MaterialFunctions/MF_Normals.uasset" 778
"../../../Engine/Plugins/Interchange/Assets/Content/gltf/MaterialFunctions/MF_Normals.uexp" 779
"../../../Engine/Plugins/Interchange/Assets/Content/gltf/MaterialFunctions/MF_Occlusion.uasset" 780
"../../../Engine/Plugins/Interchange/Assets/Content/gltf/MaterialFunctions/MF_Occlusion.uexp" 781
"../../../Engine/Plugins/Interchange/Assets/Content/gltf/MaterialFunctions/MF_Specular.uasset" 782
"../../../Engine/Plugins/Interchange/Assets/Content/gltf/MaterialFunctions/MF_Specular.uexp" 783
"../../../Engine/Plugins/Interchange/Assets/Content/gltf/Textures/T_Anisotropy_Direction_Linear.uasset" 784
"../../../Engine/Plugins/Interchange/Assets/Content/gltf/Textures/T_Anisotropy_Direction_Linear.uexp" 785
"../../../Engine/Plugins/Interchange/Assets/Content/gltf/MaterialFunctions/MF_SpecularAnisotropy.uasset" 786
"../../../Engine/Plugins/Interchange/Assets/Content/gltf/MaterialFunctions/MF_SpecularAnisotropy.uexp" 787
"../../../Engine/Plugins/Interchange/Assets/Content/gltf/MaterialFunctions/MF_RotateV2.uasset" 788
"../../../Engine/Plugins/Interchange/Assets/Content/gltf/MaterialFunctions/MF_RotateV2.uexp" 789
"../../../Engine/Plugins/Interchange/Assets/Content/gltf/MaterialFunctions/MF_TransformUVs.uasset" 790
"../../../Engine/Plugins/Interchange/Assets/Content/gltf/MaterialFunctions/MF_TransformUVs.uexp" 791
"../../../Engine/Plugins/Interchange/Assets/Content/gltf/MaterialBodies/MF_ClearCoat_Body.uasset" 792
"../../../Engine/Plugins/Interchange/Assets/Content/gltf/MaterialBodies/MF_ClearCoat_Body.uexp" 793
"../../../Engine/Plugins/Interchange/Assets/Content/gltf/M_ClearCoat.uasset" 794
"../../../Engine/Plugins/Interchange/Assets/Content/gltf/M_ClearCoat.uexp" 795
"../../../Engine/Plugins/Interchange/Assets/Content/gltf/MaterialInstances/MI_ClearCoat_Blend.uasset" 796
"../../../Engine/Plugins/Interchange/Assets/Content/gltf/MaterialInstances/MI_ClearCoat_Blend.uexp" 797
"../../../Engine/Plugins/Interchange/Assets/Content/gltf/MaterialInstances/MI_ClearCoat_Blend_DS.uasset" 798
"../../../Engine/Plugins/Interchange/Assets/Content/gltf/MaterialInstances/MI_ClearCoat_Blend_DS.uexp" 799
"../../../Engine/Plugins/Interchange/Assets/Content/gltf/MaterialInstances/MI_ClearCoat_Mask.uasset" 800
"../../../Engine/Plugins/Interchange/Assets/Content/gltf/MaterialInstances/MI_ClearCoat_Mask.uexp" 801
"../../../Engine/Plugins/Interchange/Assets/Content/gltf/MaterialInstances/MI_ClearCoat_Mask_DS.uasset" 802
"../../../Engine/Plugins/Interchange/Assets/Content/gltf/MaterialInstances/MI_ClearCoat_Mask_DS.uexp" 803
"../../../Engine/Plugins/Interchange/Assets/Content/gltf/MaterialInstances/MI_ClearCoat_Opaque.uasset" 804
"../../../Engine/Plugins/Interchange/Assets/Content/gltf/MaterialInstances/MI_ClearCoat_Opaque.uexp" 805
"../../../Engine/Plugins/Interchange/Assets/Content/gltf/MaterialInstances/MI_ClearCoat_Opaque_DS.uasset" 806
"../../../Engine/Plugins/Interchange/Assets/Content/gltf/MaterialInstances/MI_ClearCoat_Opaque_DS.uexp" 807
"../../../Engine/Plugins/Interchange/Assets/Content/gltf/MaterialBodies/MF_Default_Body.uasset" 808
"../../../Engine/Plugins/Interchange/Assets/Content/gltf/MaterialBodies/MF_Default_Body.uexp" 809
"../../../Engine/Plugins/Interchange/Assets/Content/gltf/M_Default.uasset" 810
"../../../Engine/Plugins/Interchange/Assets/Content/gltf/M_Default.uexp" 811
"../../../Engine/Plugins/Interchange/Assets/Content/gltf/MaterialInstances/MI_Default_Blend.uasset" 812
"../../../Engine/Plugins/Interchange/Assets/Content/gltf/MaterialInstances/MI_Default_Blend.uexp" 813
"../../../Engine/Plugins/Interchange/Assets/Content/gltf/MaterialInstances/MI_Default_Blend_DS.uasset" 814
"../../../Engine/Plugins/Interchange/Assets/Content/gltf/MaterialInstances/MI_Default_Blend_DS.uexp" 815
"../../../Engine/Plugins/Interchange/Assets/Content/gltf/MaterialInstances/MI_Default_Mask.uasset" 816
"../../../Engine/Plugins/Interchange/Assets/Content/gltf/MaterialInstances/MI_Default_Mask.uexp" 817
"../../../Engine/Plugins/Interchange/Assets/Content/gltf/MaterialInstances/MI_Default_Mask_DS.uasset" 818
"../../../Engine/Plugins/Interchange/Assets/Content/gltf/MaterialInstances/MI_Default_Mask_DS.uexp" 819
"../../../Engine/Plugins/Interchange/Assets/Content/gltf/MaterialInstances/MI_Default_Opaque.uasset" 820
"../../../Engine/Plugins/Interchange/Assets/Content/gltf/MaterialInstances/MI_Default_Opaque.uexp" 821
"../../../Engine/Plugins/Interchange/Assets/Content/gltf/MaterialInstances/MI_Default_Opaque_DS.uasset" 822
"../../../Engine/Plugins/Interchange/Assets/Content/gltf/MaterialInstances/MI_Default_Opaque_DS.uexp" 823
"../../../Engine/Plugins/Interchange/Assets/Content/gltf/MaterialFunctions/MF_Sheen.uasset" 824
"../../../Engine/Plugins/Interchange/Assets/Content/gltf/MaterialFunctions/MF_Sheen.uexp" 825
"../../../Engine/Plugins/Interchange/Assets/Content/gltf/MaterialBodies/MF_Sheen_Body.uasset" 826
"../../../Engine/Plugins/Interchange/Assets/Content/gltf/MaterialBodies/MF_Sheen_Body.uexp" 827
"../../../Engine/Plugins/Interchange/Assets/Content/gltf/M_Sheen.uasset" 828
"../../../Engine/Plugins/Interchange/Assets/Content/gltf/M_Sheen.uexp" 829
"../../../Engine/Plugins/Interchange/Assets/Content/gltf/MaterialInstances/MI_Sheen_Blend.uasset" 830
"../../../Engine/Plugins/Interchange/Assets/Content/gltf/MaterialInstances/MI_Sheen_Blend.uexp" 831
"../../../Engine/Plugins/Interchange/Assets/Content/gltf/MaterialInstances/MI_Sheen_Blend_DS.uasset" 832
"../../../Engine/Plugins/Interchange/Assets/Content/gltf/MaterialInstances/MI_Sheen_Blend_DS.uexp" 833
"../../../Engine/Plugins/Interchange/Assets/Content/gltf/MaterialInstances/MI_Sheen_Mask.uasset" 834
"../../../Engine/Plugins/Interchange/Assets/Content/gltf/MaterialInstances/MI_Sheen_Mask.uexp" 835
"../../../Engine/Plugins/Interchange/Assets/Content/gltf/MaterialInstances/MI_Sheen_Mask_DS.uasset" 836
"../../../Engine/Plugins/Interchange/Assets/Content/gltf/MaterialInstances/MI_Sheen_Mask_DS.uexp" 837
"../../../Engine/Plugins/Interchange/Assets/Content/gltf/MaterialInstances/MI_Sheen_Opaque.uasset" 838
"../../../Engine/Plugins/Interchange/Assets/Content/gltf/MaterialInstances/MI_Sheen_Opaque.uexp" 839
"../../../Engine/Plugins/Interchange/Assets/Content/gltf/MaterialInstances/MI_Sheen_Opaque_DS.uasset" 840
"../../../Engine/Plugins/Interchange/Assets/Content/gltf/MaterialInstances/MI_Sheen_Opaque_DS.uexp" 841
"../../../Engine/Plugins/Interchange/Assets/Content/gltf/MaterialFunctions/MF_DiffuseSpecGloss.uasset" 842
"../../../Engine/Plugins/Interchange/Assets/Content/gltf/MaterialFunctions/MF_DiffuseSpecGloss.uexp" 843
"../../../Engine/Plugins/Interchange/Assets/Content/gltf/MaterialFunctions/MF_MaxComponentValue.uasset" 844
"../../../Engine/Plugins/Interchange/Assets/Content/gltf/MaterialFunctions/MF_MaxComponentValue.uexp" 845
"../../../Engine/Content/Functions/Engine_MaterialFunctions02/Math/AddComponents.uasset" 846
"../../../Engine/Content/Functions/Engine_MaterialFunctions02/Math/AddComponents.uexp" 847
"../../../Engine/Plugins/Interchange/Assets/Content/gltf/MaterialFunctions/MF_PerceivedBrightness.uasset" 848
"../../../Engine/Plugins/Interchange/Assets/Content/gltf/MaterialFunctions/MF_PerceivedBrightness.uexp" 849
"../../../Engine/Plugins/Interchange/Assets/Content/gltf/MaterialFunctions/MF_SpecGlossToMetalRoughness.uasset" 850
"../../../Engine/Plugins/Interchange/Assets/Content/gltf/MaterialFunctions/MF_SpecGlossToMetalRoughness.uexp" 851
"../../../Engine/Plugins/Interchange/Assets/Content/gltf/MaterialBodies/MF_SpecularGlossiness_Body.uasset" 852
"../../../Engine/Plugins/Interchange/Assets/Content/gltf/MaterialBodies/MF_SpecularGlossiness_Body.uexp" 853
"../../../Engine/Plugins/Interchange/Assets/Content/gltf/M_SpecularGlossiness.uasset" 854
"../../../Engine/Plugins/Interchange/Assets/Content/gltf/M_SpecularGlossiness.uexp" 855
"../../../Engine/Plugins/Interchange/Assets/Content/gltf/MaterialInstances/MI_SpecularGlossiness_Blend.uasset" 856
"../../../Engine/Plugins/Interchange/Assets/Content/gltf/MaterialInstances/MI_SpecularGlossiness_Blend.uexp" 857
"../../../Engine/Plugins/Interchange/Assets/Content/gltf/MaterialInstances/MI_SpecularGlossiness_Blend_DS.uasset" 858
"../../../Engine/Plugins/Interchange/Assets/Content/gltf/MaterialInstances/MI_SpecularGlossiness_Blend_DS.uexp" 859
"../../../Engine/Plugins/Interchange/Assets/Content/gltf/MaterialInstances/MI_SpecularGlossiness_Mask.uasset" 860
"../../../Engine/Plugins/Interchange/Assets/Content/gltf/MaterialInstances/MI_SpecularGlossiness_Mask.uexp" 861
"../../../Engine/Plugins/Interchange/Assets/Content/gltf/MaterialInstances/MI_SpecularGlossiness_Mask_DS.uasset" 862
"../../../Engine/Plugins/Interchange/Assets/Content/gltf/MaterialInstances/MI_SpecularGlossiness_Mask_DS.uexp" 863
"../../../Engine/Plugins/Interchange/Assets/Content/gltf/MaterialInstances/MI_SpecularGlossiness_Opaque.uasset" 864
"../../../Engine/Plugins/Interchange/Assets/Content/gltf/MaterialInstances/MI_SpecularGlossiness_Opaque.uexp" 865
"../../../Engine/Plugins/Interchange/Assets/Content/gltf/MaterialInstances/MI_SpecularGlossiness_Opaque_DS.uasset" 866
"../../../Engine/Plugins/Interchange/Assets/Content/gltf/MaterialInstances/MI_SpecularGlossiness_Opaque_DS.uexp" 867
"../../../Engine/Content/EngineMaterials/Good64x64TilingNoiseHighFreq.uasset" 868
"../../../Engine/Content/EngineMaterials/Good64x64TilingNoiseHighFreq.uexp" 869
"../../../Engine/Content/Functions/Engine_MaterialFunctions02/Texturing/ScreenAlignedPixelToPixelUVs.uasset" 870
"../../../Engine/Content/Functions/Engine_MaterialFunctions02/Texturing/ScreenAlignedPixelToPixelUVs.uexp" 871
"../../../Engine/Plugins/Interchange/Assets/Content/gltf/MaterialFunctions/MF_Fresnel_DS.uasset" 872
"../../../Engine/Plugins/Interchange/Assets/Content/gltf/MaterialFunctions/MF_Fresnel_DS.uexp" 873
"../../../Engine/Plugins/Interchange/Assets/Content/gltf/MaterialFunctions/MF_Temporal_Blur.uasset" 874
"../../../Engine/Plugins/Interchange/Assets/Content/gltf/MaterialFunctions/MF_Temporal_Blur.uexp" 875
"../../../Engine/Plugins/Interchange/Assets/Content/gltf/MaterialFunctions/MF_Transmission.uasset" 876
"../../../Engine/Plugins/Interchange/Assets/Content/gltf/MaterialFunctions/MF_Transmission.uexp" 877
"../../../Engine/Plugins/Interchange/Assets/Content/gltf/MaterialBodies/MF_Transmission_Body.uasset" 878
"../../../Engine/Plugins/Interchange/Assets/Content/gltf/MaterialBodies/MF_Transmission_Body.uexp" 879
"../../../Engine/Plugins/Interchange/Assets/Content/gltf/M_Transmission.uasset" 880
"../../../Engine/Plugins/Interchange/Assets/Content/gltf/M_Transmission.uexp" 881
"../../../Engine/Plugins/Interchange/Assets/Content/gltf/MaterialInstances/MI_Transmission.uasset" 882
"../../../Engine/Plugins/Interchange/Assets/Content/gltf/MaterialInstances/MI_Transmission.uexp" 883
"../../../Engine/Plugins/Interchange/Assets/Content/gltf/MaterialInstances/MI_Transmission_DS.uasset" 884
"../../../Engine/Plugins/Interchange/Assets/Content/gltf/MaterialInstances/MI_Transmission_DS.uexp" 885
"../../../Engine/Plugins/Interchange/Assets/Content/gltf/MaterialBodies/MF_Unlit_Body.uasset" 886
"../../../Engine/Plugins/Interchange/Assets/Content/gltf/MaterialBodies/MF_Unlit_Body.uexp" 887
"../../../Engine/Plugins/Interchange/Assets/Content/gltf/M_Unlit.uasset" 888
"../../../Engine/Plugins/Interchange/Assets/Content/gltf/M_Unlit.uexp" 889
"../../../Engine/Plugins/Interchange/Assets/Content/gltf/MaterialInstances/MI_Unlit_Blend.uasset" 890
"../../../Engine/Plugins/Interchange/Assets/Content/gltf/MaterialInstances/MI_Unlit_Blend.uexp" 891
"../../../Engine/Plugins/Interchange/Assets/Content/gltf/MaterialInstances/MI_Unlit_Blend_DS.uasset" 892
"../../../Engine/Plugins/Interchange/Assets/Content/gltf/MaterialInstances/MI_Unlit_Blend_DS.uexp" 893
"../../../Engine/Plugins/Interchange/Assets/Content/gltf/MaterialInstances/MI_Unlit_Mask.uasset" 894
"../../../Engine/Plugins/Interchange/Assets/Content/gltf/MaterialInstances/MI_Unlit_Mask.uexp" 895
"../../../Engine/Plugins/Interchange/Assets/Content/gltf/MaterialInstances/MI_Unlit_Mask_DS.uasset" 896
"../../../Engine/Plugins/Interchange/Assets/Content/gltf/MaterialInstances/MI_Unlit_Mask_DS.uexp" 897
"../../../Engine/Plugins/Interchange/Assets/Content/gltf/MaterialInstances/MI_Unlit_Opaque.uasset" 898
"../../../Engine/Plugins/Interchange/Assets/Content/gltf/MaterialInstances/MI_Unlit_Opaque.uexp" 899
"../../../Engine/Plugins/Interchange/Assets/Content/gltf/MaterialInstances/MI_Unlit_Opaque_DS.uasset" 900
"../../../Engine/Plugins/Interchange/Assets/Content/gltf/MaterialInstances/MI_Unlit_Opaque_DS.uexp" 901
"../../../Engine/Content/ArtTools/RenderToTexture/Meshes/S_1_Unit_Plane.ubulk" 902
"../../../Engine/Content/ArtTools/RenderToTexture/Meshes/S_1_Unit_Plane.uasset" 903
"../../../Engine/Content/ArtTools/RenderToTexture/Meshes/S_1_Unit_Plane.uexp" 904
"../../../Engine/Content/EngineMaterials/Substrate/GLints/AGlintTex2dArray.uasset" 905
"../../../Engine/Content/EngineMaterials/Substrate/GLints/AGlintTex2dArray.uexp" 906
"../../../Engine/Plugins/Animation/DeformerGraph/Content/DeformerFunctions/DG_Function_LinearBlendSkin_Morph_Cloth.uasset" 907
"../../../Engine/Plugins/Animation/DeformerGraph/Content/DeformerFunctions/DG_Function_LinearBlendSkin_Morph_Cloth.uexp" 908
"../../../Engine/Plugins/Animation/DeformerGraph/Content/Deformers/DG_LinearBlendSkin_Morph_Cloth.uasset" 909
"../../../Engine/Plugins/Animation/DeformerGraph/Content/Deformers/DG_LinearBlendSkin_Morph_Cloth.uexp" 910
"../../../Engine/Plugins/Animation/DeformerGraph/Content/DeformerFunctions/DG_Function_ComputeNormalsTangents.uasset" 911
"../../../Engine/Plugins/Animation/DeformerGraph/Content/DeformerFunctions/DG_Function_ComputeNormalsTangents.uexp" 912
"../../../Engine/Plugins/Animation/DeformerGraph/Content/DeformerFunctions/DG_Function_LinearBlendSkin_Morph_Cloth_PositionOnly.uasset" 913
"../../../Engine/Plugins/Animation/DeformerGraph/Content/DeformerFunctions/DG_Function_LinearBlendSkin_Morph_Cloth_PositionOnly.uexp" 914
"../../../Engine/Plugins/Animation/DeformerGraph/Content/Deformers/DG_LinearBlendSkin_Morph_Cloth_RecomputeNormals.uasset" 915
"../../../Engine/Plugins/Animation/DeformerGraph/Content/Deformers/DG_LinearBlendSkin_Morph_Cloth_RecomputeNormals.uexp" 916
"../../../Engine/Plugins/Editor/SpeedTreeImporter/Content/SpeedTree9/SpeedTreeBillboard.uasset" 917
"../../../Engine/Plugins/Editor/SpeedTreeImporter/Content/SpeedTree9/SpeedTreeBillboard.uexp" 918
"../../../Engine/Plugins/Editor/SpeedTreeImporter/Content/SpeedTree9/SpeedTreeBillboardMaster.uasset" 919
"../../../Engine/Plugins/Editor/SpeedTreeImporter/Content/SpeedTree9/SpeedTreeBillboardMaster.uexp" 920
"../../../Engine/Content/EngineMaterials/Substrate/Glints2/AGlintTex2dArray2.uasset" 921
"../../../Engine/Content/EngineMaterials/Substrate/Glints2/AGlintTex2dArray2.uexp" 922
"../../../Engine/Content/Functions/Engine_MaterialFunctions01/Shading/PowerToRoughness.uasset" 923
"../../../Engine/Content/Functions/Engine_MaterialFunctions01/Shading/PowerToRoughness.uexp" 924
"../../../Engine/Content/EngineMaterials/Substrate/Volume/SubstrateSimpleVolumeEnvLUT3D.uasset" 925
"../../../Engine/Content/EngineMaterials/Substrate/Volume/SubstrateSimpleVolumeEnvLUT3D.uexp" 926
"../../../Engine/Content/EngineMaterials/Substrate/Volume/SubstrateSimpleVolumeLUT3D.uasset" 927
"../../../Engine/Content/EngineMaterials/Substrate/Volume/SubstrateSimpleVolumeLUT3D.uexp" 928
"../../../Engine/Content/Functions/Engine_MaterialFunctions01/Shading/ConvertFromDiffSpec.uasset" 929
"../../../Engine/Content/Functions/Engine_MaterialFunctions01/Shading/ConvertFromDiffSpec.uexp" 930
"../../../Engine/Plugins/Interchange/Runtime/Content/Pipelines/DefaultAssetsPipeline.uasset" 931
"../../../Engine/Plugins/Interchange/Runtime/Content/Pipelines/DefaultAssetsPipeline.uexp" 932
"../../../Engine/Plugins/Interchange/Runtime/Content/Pipelines/DefaultAudioPipeline.uasset" 933
"../../../Engine/Plugins/Interchange/Runtime/Content/Pipelines/DefaultAudioPipeline.uexp" 934
"../../../Engine/Plugins/Interchange/Runtime/Content/Pipelines/DefaultGLTFAssetsPipeline.uasset" 935
"../../../Engine/Plugins/Interchange/Runtime/Content/Pipelines/DefaultGLTFAssetsPipeline.uexp" 936
"../../../Engine/Plugins/Interchange/Runtime/Content/Pipelines/DefaultGLTFPipeline.uasset" 937
"../../../Engine/Plugins/Interchange/Runtime/Content/Pipelines/DefaultGLTFPipeline.uexp" 938
"../../../Engine/Plugins/Interchange/Runtime/Content/Pipelines/DefaultGLTFSceneAssetsPipeline.uasset" 939
"../../../Engine/Plugins/Interchange/Runtime/Content/Pipelines/DefaultGLTFSceneAssetsPipeline.uexp" 940
"../../../Engine/Plugins/Interchange/Runtime/Content/Pipelines/DefaultMaterialPipeline.uasset" 941
"../../../Engine/Plugins/Interchange/Runtime/Content/Pipelines/DefaultMaterialPipeline.uexp" 942
"../../../Engine/Plugins/Interchange/Runtime/Content/Pipelines/DefaultMaterialXPipeline.uasset" 943
"../../../Engine/Plugins/Interchange/Runtime/Content/Pipelines/DefaultMaterialXPipeline.uexp" 944
"../../../Engine/Plugins/Interchange/Runtime/Content/Pipelines/DefaultSceneAssetsPipeline.uasset" 945
"../../../Engine/Plugins/Interchange/Runtime/Content/Pipelines/DefaultSceneAssetsPipeline.uexp" 946
"../../../Engine/Plugins/Interchange/Runtime/Content/Pipelines/DefaultSceneLevelPipeline.uasset" 947
"../../../Engine/Plugins/Interchange/Runtime/Content/Pipelines/DefaultSceneLevelPipeline.uexp" 948
"../../../Engine/Plugins/Interchange/Runtime/Content/Pipelines/DefaultTexturePipeline.uasset" 949
"../../../Engine/Plugins/Interchange/Runtime/Content/Pipelines/DefaultTexturePipeline.uexp" 950
"../../../Engine/Content/Maps/Entry_BuiltData.uasset" 951
"../../../Engine/Content/Maps/Entry_BuiltData.uexp" 952
"../../../Engine/Content/Maps/Entry.uexp" 953
"../../../Engine/Content/Maps/Entry.umap" 954
"../../../Engine/Content/BasicShapes/Cube.ubulk" 955
"../../../Engine/Content/BasicShapes/Cube.uasset" 956
"../../../Engine/Content/BasicShapes/Cube.uexp" 957
"../../../Engine/Content/BasicShapes/BasicShapeMaterial.uasset" 958
"../../../Engine/Content/BasicShapes/BasicShapeMaterial.uexp" 959
"../../../Engine/Content/EngineSky/T_Sky_Blue.ubulk" 960
"../../../Engine/Content/EngineSky/T_Sky_Blue.uasset" 961
"../../../Engine/Content/EngineSky/T_Sky_Blue.uexp" 962
"../../../Engine/Content/EngineSky/T_Sky_Clouds_M.ubulk" 963
"../../../Engine/Content/EngineSky/T_Sky_Clouds_M.uasset" 964
"../../../Engine/Content/EngineSky/T_Sky_Clouds_M.uexp" 965
"../../../Engine/Content/EngineSky/T_Sky_Stars.ubulk" 966
"../../../Engine/Content/EngineSky/T_Sky_Stars.uasset" 967
"../../../Engine/Content/EngineSky/T_Sky_Stars.uexp" 968
"../../../Engine/Content/EngineSky/M_Sky_Panning_Clouds2.uasset" 969
"../../../Engine/Content/EngineSky/M_Sky_Panning_Clouds2.uexp" 970
"../../../Engine/Content/EngineSky/SM_SkySphere.ubulk" 971
"../../../Engine/Content/EngineSky/SM_SkySphere.uasset" 972
"../../../Engine/Content/EngineSky/SM_SkySphere.uexp" 973
"../../../Engine/Content/EngineSky/M_SimpleSkyDome.uasset" 974
"../../../Engine/Content/EngineSky/M_SimpleSkyDome.uexp" 975
"../../../Engine/Content/MapTemplates/SM_Template_Map_Floor.ubulk" 976
"../../../Engine/Content/MapTemplates/SM_Template_Map_Floor.uasset" 977
"../../../Engine/Content/MapTemplates/SM_Template_Map_Floor.uexp" 978
"../../../Engine/Content/VREditor/Sounds/UI/Click_on_Button.ubulk" 979
"../../../Engine/Content/VREditor/Sounds/UI/Click_on_Button.uasset" 980
"../../../Engine/Content/VREditor/Sounds/UI/Click_on_Button.uexp" 981
"../../../Engine/Content/VREditor/Sounds/UI/Click_on_Button_Cue.uasset" 982
"../../../Engine/Content/VREditor/Sounds/UI/Click_on_Button_Cue.uexp" 983
"C:/Users/jjgar/Documents/Unreal Projects/PressOn/Content/UI/WBP_StatsMenu.uasset" 984
"C:/Users/jjgar/Documents/Unreal Projects/PressOn/Content/UI/WBP_StatsMenu.uexp" 985
"C:/Users/jjgar/Documents/Unreal Projects/PressOn/Content/Blueprints/BP_PlayerState.uasset" 986
"C:/Users/jjgar/Documents/Unreal Projects/PressOn/Content/Blueprints/BP_PlayerState.uexp" 987
"../../../Engine/Plugins/2D/Paper2D/Content/PlaceholderTextures/FlatNormalMap.uasset" 988
"../../../Engine/Plugins/2D/Paper2D/Content/PlaceholderTextures/FlatNormalMap.uexp" 989
"../../../Engine/Plugins/2D/Paper2D/Content/DefaultLitSpriteMaterial.uasset" 990
"../../../Engine/Plugins/2D/Paper2D/Content/DefaultLitSpriteMaterial.uexp" 991
"../../../Engine/Plugins/2D/Paper2D/Content/MaskedLitSpriteMaterial.uasset" 992
"../../../Engine/Plugins/2D/Paper2D/Content/MaskedLitSpriteMaterial.uexp" 993
"C:/Users/jjgar/Documents/Unreal Projects/PressOn/Content/Blueprints/BPI_Interact.uasset" 994
"C:/Users/jjgar/Documents/Unreal Projects/PressOn/Content/Blueprints/BPI_Interact.uexp" 995
"C:/Users/jjgar/Documents/Unreal Projects/PressOn/Content/2DAction/Input/Actions/IA_Interact.uasset" 996
"C:/Users/jjgar/Documents/Unreal Projects/PressOn/Content/2DAction/Input/Actions/IA_Interact.uexp" 997
"C:/Users/jjgar/Documents/Unreal Projects/PressOn/Content/2DAction/Input/Actions/IA_Jump.uasset" 998
"C:/Users/jjgar/Documents/Unreal Projects/PressOn/Content/2DAction/Input/Actions/IA_Jump.uexp" 999
"C:/Users/jjgar/Documents/Unreal Projects/PressOn/Content/2DAction/Input/Actions/IA_MoveForward.uasset" 1000
"C:/Users/jjgar/Documents/Unreal Projects/PressOn/Content/2DAction/Input/Actions/IA_MoveForward.uexp" 1001
"C:/Users/jjgar/Documents/Unreal Projects/PressOn/Content/2DAction/Input/Actions/IA_MoveRight.uasset" 1002
"C:/Users/jjgar/Documents/Unreal Projects/PressOn/Content/2DAction/Input/Actions/IA_MoveRight.uexp" 1003
"C:/Users/jjgar/Documents/Unreal Projects/PressOn/Content/2DAction/Input/Actions/IA_Press.uasset" 1004
"C:/Users/jjgar/Documents/Unreal Projects/PressOn/Content/2DAction/Input/Actions/IA_Press.uexp" 1005
"C:/Users/jjgar/Documents/Unreal Projects/PressOn/Content/2DAction/Input/IMC_2DAction.uasset" 1006
"C:/Users/jjgar/Documents/Unreal Projects/PressOn/Content/2DAction/Input/IMC_2DAction.uexp" 1007
"C:/Users/jjgar/Documents/Unreal Projects/PressOn/Content/2DAction/Assets/Textures/T_Player_Sample_Anim.uasset" 1008
"C:/Users/jjgar/Documents/Unreal Projects/PressOn/Content/2DAction/Assets/Textures/T_Player_Sample_Anim.uexp" 1009
"C:/Users/jjgar/Documents/Unreal Projects/PressOn/Content/2DAction/Assets/Sprites/S_Player_Sample_Anim_0.uasset" 1010
"C:/Users/jjgar/Documents/Unreal Projects/PressOn/Content/2DAction/Assets/Sprites/S_Player_Sample_Anim_0.uexp" 1011
"C:/Users/jjgar/Documents/Unreal Projects/PressOn/Content/2DAction/Assets/Flipbooks/FB_Player_Sample_00_Idle.uasset" 1012
"C:/Users/jjgar/Documents/Unreal Projects/PressOn/Content/2DAction/Assets/Flipbooks/FB_Player_Sample_00_Idle.uexp" 1013
"C:/Users/jjgar/Documents/Unreal Projects/PressOn/Content/2DAction/Assets/Sprites/S_Player_Sample_Anim_1.uasset" 1014
"C:/Users/jjgar/Documents/Unreal Projects/PressOn/Content/2DAction/Assets/Sprites/S_Player_Sample_Anim_1.uexp" 1015
"C:/Users/jjgar/Documents/Unreal Projects/PressOn/Content/2DAction/Assets/Sprites/S_Player_Sample_Anim_2.uasset" 1016
"C:/Users/jjgar/Documents/Unreal Projects/PressOn/Content/2DAction/Assets/Sprites/S_Player_Sample_Anim_2.uexp" 1017
"C:/Users/jjgar/Documents/Unreal Projects/PressOn/Content/2DAction/Assets/Flipbooks/FB_Player_Sample_01_Walk.uasset" 1018
"C:/Users/jjgar/Documents/Unreal Projects/PressOn/Content/2DAction/Assets/Flipbooks/FB_Player_Sample_01_Walk.uexp" 1019
"C:/Users/jjgar/Documents/Unreal Projects/PressOn/Content/2DAction/Assets/Sprites/S_Player_Sample_Anim_3.uasset" 1020
"C:/Users/jjgar/Documents/Unreal Projects/PressOn/Content/2DAction/Assets/Sprites/S_Player_Sample_Anim_3.uexp" 1021
"C:/Users/jjgar/Documents/Unreal Projects/PressOn/Content/2DAction/Assets/Flipbooks/FB_Player_Sample_02_Jump.uasset" 1022
"C:/Users/jjgar/Documents/Unreal Projects/PressOn/Content/2DAction/Assets/Flipbooks/FB_Player_Sample_02_Jump.uexp" 1023
"C:/Users/jjgar/Documents/Unreal Projects/PressOn/Content/Blueprints/BP_Player_2DBelt.uasset" 1024
"C:/Users/jjgar/Documents/Unreal Projects/PressOn/Content/Blueprints/BP_Player_2DBelt.uexp" 1025
"C:/Users/jjgar/Documents/Unreal Projects/PressOn/Content/Blueprints/BP_Gamemode_Main.uasset" 1026
"C:/Users/jjgar/Documents/Unreal Projects/PressOn/Content/Blueprints/BP_Gamemode_Main.uexp" 1027
"../../../Engine/Content/Functions/Engine_MaterialFunctions02/Utility/BreakOutFloat4Components.uasset" 1028
"../../../Engine/Content/Functions/Engine_MaterialFunctions02/Utility/BreakOutFloat4Components.uexp" 1029
"../../../Engine/Content/Functions/Engine_MaterialFunctions02/Utility/MakeFloat4.uasset" 1030
"../../../Engine/Content/Functions/Engine_MaterialFunctions02/Utility/MakeFloat4.uexp" 1031
"../../../Engine/Content/EngineResources/DefaultVolumeTexture2D.uasset" 1032
"../../../Engine/Content/EngineResources/DefaultVolumeTexture2D.uexp" 1033
"../../../Engine/Content/EngineResources/DefaultVolumeTexture.uasset" 1034
"../../../Engine/Content/EngineResources/DefaultVolumeTexture.uexp" 1035
"../../../Engine/Content/EngineSky/VolumetricClouds/VT_Lightning.uasset" 1036
"../../../Engine/Content/EngineSky/VolumetricClouds/VT_Lightning.uexp" 1037
"../../../Engine/Content/Functions/Engine_MaterialFunctions01/Units/Km-to-Cm.uasset" 1038
"../../../Engine/Content/Functions/Engine_MaterialFunctions01/Units/Km-to-Cm.uexp" 1039
"../../../Engine/Content/EngineSky/VolumetricClouds/m_SimpleVolumetricCloud.uasset" 1040
"../../../Engine/Content/EngineSky/VolumetricClouds/m_SimpleVolumetricCloud.uexp" 1041
"../../../Engine/Content/EngineSky/VolumetricClouds/T_CloudMask.ubulk" 1042
"../../../Engine/Content/EngineSky/VolumetricClouds/T_CloudMask.uasset" 1043
"../../../Engine/Content/EngineSky/VolumetricClouds/T_CloudMask.uexp" 1044
"../../../Engine/Content/EngineSky/VolumetricClouds/T_CloudPattern.ubulk" 1045
"../../../Engine/Content/EngineSky/VolumetricClouds/T_CloudPattern.uasset" 1046
"../../../Engine/Content/EngineSky/VolumetricClouds/T_CloudPattern.uexp" 1047
"../../../Engine/Content/EngineSky/VolumetricClouds/T_Profile_08.ubulk" 1048
"../../../Engine/Content/EngineSky/VolumetricClouds/T_Profile_08.uasset" 1049
"../../../Engine/Content/EngineSky/VolumetricClouds/T_Profile_08.uexp" 1050
"../../../Engine/Content/EngineSky/VolumetricClouds/VT_PerlinWorley_Balanced.uasset" 1051
"../../../Engine/Content/EngineSky/VolumetricClouds/VT_PerlinWorley_Balanced.uexp" 1052
"../../../Engine/Content/EngineSky/VolumetricClouds/m_SimpleVolumetricCloud_Inst.uasset" 1053
"../../../Engine/Content/EngineSky/VolumetricClouds/m_SimpleVolumetricCloud_Inst.uexp" 1054
"../../../Engine/Content/EngineMaterials/BlendFunc_DefBase.uasset" 1055
"../../../Engine/Content/EngineMaterials/BlendFunc_DefBase.uexp" 1056
"../../../Engine/Content/EngineMaterials/BlendFunc_DefBlend.uasset" 1057
"../../../Engine/Content/EngineMaterials/BlendFunc_DefBlend.uexp" 1058
"../../../Engine/Content/Functions/Engine_MaterialFunctions03/Blends/Blend_Overlay.uasset" 1059
"../../../Engine/Content/Functions/Engine_MaterialFunctions03/Blends/Blend_Overlay.uexp" 1060
"../../../Engine/Content/Functions/Engine_MaterialFunctions01/Gradient/LinearGradient.uasset" 1061
"../../../Engine/Content/Functions/Engine_MaterialFunctions01/Gradient/LinearGradient.uexp" 1062
"../../../Engine/Content/Functions/Engine_MaterialFunctions01/ImageAdjustment/CheapContrast.uasset" 1063
"../../../Engine/Content/Functions/Engine_MaterialFunctions01/ImageAdjustment/CheapContrast.uexp" 1064
"../../../Engine/Content/OpenWorldTemplate/LandscapeMaterial/T_GridChecker_A.ubulk" 1065
"../../../Engine/Content/OpenWorldTemplate/LandscapeMaterial/T_GridChecker_A.uasset" 1066
"../../../Engine/Content/OpenWorldTemplate/LandscapeMaterial/T_GridChecker_A.uexp" 1067
"../../../Engine/Content/OpenWorldTemplate/LandscapeMaterial/MF_ProcGrid.uasset" 1068
"../../../Engine/Content/OpenWorldTemplate/LandscapeMaterial/MF_ProcGrid.uexp" 1069
"../../../Engine/Content/OpenWorldTemplate/LandscapeMaterial/M_ProcGrid.uasset" 1070
"../../../Engine/Content/OpenWorldTemplate/LandscapeMaterial/M_ProcGrid.uexp" 1071
"../../../Engine/Content/OpenWorldTemplate/LandscapeMaterial/MI_ProcGrid.uasset" 1072
"../../../Engine/Content/OpenWorldTemplate/LandscapeMaterial/MI_ProcGrid.uexp" 1073
"../../../Engine/Content/EngineMaterials/EmissiveTexturedMaterial.uasset" 1074
"../../../Engine/Content/EngineMaterials/EmissiveTexturedMaterial.uexp" 1075
"C:/Users/jjgar/Documents/Unreal Projects/PressOn/Content/Sounds/CollectKey.ubulk" 1076
"C:/Users/jjgar/Documents/Unreal Projects/PressOn/Content/Sounds/CollectKey.uasset" 1077
"C:/Users/jjgar/Documents/Unreal Projects/PressOn/Content/Sounds/CollectKey.uexp" 1078
"C:/Users/jjgar/Documents/Unreal Projects/PressOn/Content/Sounds/CollectKey_Cue.uasset" 1079
"C:/Users/jjgar/Documents/Unreal Projects/PressOn/Content/Sounds/CollectKey_Cue.uexp" 1080
"C:/Users/jjgar/Documents/Unreal Projects/PressOn/Content/UI/WBP_Interact.uasset" 1081
"C:/Users/jjgar/Documents/Unreal Projects/PressOn/Content/UI/WBP_Interact.uexp" 1082
"C:/Users/jjgar/Documents/Unreal Projects/PressOn/Content/Blueprints/Actors/BP_StatsInteractable.uasset" 1083
"C:/Users/jjgar/Documents/Unreal Projects/PressOn/Content/Blueprints/Actors/BP_StatsInteractable.uexp" 1084
"C:/Users/jjgar/Documents/Unreal Projects/PressOn/Content/Maps/Sandbox.uexp" 1085
"C:/Users/jjgar/Documents/Unreal Projects/PressOn/Content/Maps/Sandbox.umap" 1086
"C:/Users/jjgar/Documents/Unreal Projects/PressOn/Content/UI/WBP_MainMenu.uasset" 1087
"C:/Users/jjgar/Documents/Unreal Projects/PressOn/Content/UI/WBP_MainMenu.uexp" 1088
"C:/Users/jjgar/Documents/Unreal Projects/PressOn/Content/Sounds/Lena_Raine_-_Celeste_Original_Soundtrack_-_04_Awake.ubulk" 1089
"C:/Users/jjgar/Documents/Unreal Projects/PressOn/Content/Sounds/Lena_Raine_-_Celeste_Original_Soundtrack_-_04_Awake.uasset" 1090
"C:/Users/jjgar/Documents/Unreal Projects/PressOn/Content/Sounds/Lena_Raine_-_Celeste_Original_Soundtrack_-_04_Awake.uexp" 1091
"C:/Users/jjgar/Documents/Unreal Projects/PressOn/Content/Sounds/MenuMusic.uasset" 1092
"C:/Users/jjgar/Documents/Unreal Projects/PressOn/Content/Sounds/MenuMusic.uexp" 1093
"C:/Users/jjgar/Documents/Unreal Projects/PressOn/Content/Maps/MainMenu.uexp" 1094
"C:/Users/jjgar/Documents/Unreal Projects/PressOn/Content/Maps/MainMenu.umap" 1095
"C:/Users/jjgar/Documents/Unreal Projects/PressOn/Content/2DAction/Assets/Textures/T_Screen_Lose.uasset" 1096
"C:/Users/jjgar/Documents/Unreal Projects/PressOn/Content/2DAction/Assets/Textures/T_Screen_Lose.uexp" 1097
"C:/Users/jjgar/Documents/Unreal Projects/PressOn/Content/UI/WBP_ScreenLose.uasset" 1098
"C:/Users/jjgar/Documents/Unreal Projects/PressOn/Content/UI/WBP_ScreenLose.uexp" 1099
"C:/Users/jjgar/Documents/Unreal Projects/PressOn/Content/2DAction/Assets/Textures/T_Hand.uasset" 1100
"C:/Users/jjgar/Documents/Unreal Projects/PressOn/Content/2DAction/Assets/Textures/T_Hand.uexp" 1101
"C:/Users/jjgar/Documents/Unreal Projects/PressOn/Content/2DAction/Assets/Sprites/S_Hand.uasset" 1102
"C:/Users/jjgar/Documents/Unreal Projects/PressOn/Content/2DAction/Assets/Sprites/S_Hand.uexp" 1103
"C:/Users/jjgar/Documents/Unreal Projects/PressOn/Content/2DAction/Assets/Flipbooks/FB_Hand.uasset" 1104
"C:/Users/jjgar/Documents/Unreal Projects/PressOn/Content/2DAction/Assets/Flipbooks/FB_Hand.uexp" 1105
"C:/Users/jjgar/Documents/Unreal Projects/PressOn/Content/2DAction/Assets/Textures/T_PixelButton.uasset" 1106
"C:/Users/jjgar/Documents/Unreal Projects/PressOn/Content/2DAction/Assets/Textures/T_PixelButton.uexp" 1107
"C:/Users/jjgar/Documents/Unreal Projects/PressOn/Content/2DAction/Assets/Sprites/S_Button.uasset" 1108
"C:/Users/jjgar/Documents/Unreal Projects/PressOn/Content/2DAction/Assets/Sprites/S_Button.uexp" 1109
"C:/Users/jjgar/Documents/Unreal Projects/PressOn/Content/Blueprints/Actors/BP_MinigameButton.uasset" 1110
"C:/Users/jjgar/Documents/Unreal Projects/PressOn/Content/Blueprints/Actors/BP_MinigameButton.uexp" 1111
"C:/Users/jjgar/Documents/Unreal Projects/PressOn/Content/Sounds/menu_hover.ubulk" 1112
"C:/Users/jjgar/Documents/Unreal Projects/PressOn/Content/Sounds/menu_hover.uasset" 1113
"C:/Users/jjgar/Documents/Unreal Projects/PressOn/Content/Sounds/menu_hover.uexp" 1114
"C:/Users/jjgar/Documents/Unreal Projects/PressOn/Content/Sounds/menu_hover_Cue.uasset" 1115
"C:/Users/jjgar/Documents/Unreal Projects/PressOn/Content/Sounds/menu_hover_Cue.uexp" 1116
"../../../Engine/Content/EngineMaterials/DefaultWhiteGrid_Low.uasset" 1117
"../../../Engine/Content/EngineMaterials/DefaultWhiteGrid_Low.uexp" 1118
"../../../Engine/Content/EngineMaterials/EmissiveMeshMaterial.uasset" 1119
"../../../Engine/Content/EngineMaterials/EmissiveMeshMaterial.uexp" 1120
"C:/Users/jjgar/Documents/Unreal Projects/PressOn/Content/Particles/PS_Press.uasset" 1121
"C:/Users/jjgar/Documents/Unreal Projects/PressOn/Content/Particles/PS_Press.uexp" 1122
"C:/Users/jjgar/Documents/Unreal Projects/PressOn/Content/Blueprints/BP_Player_2DHand.uasset" 1123
"C:/Users/jjgar/Documents/Unreal Projects/PressOn/Content/Blueprints/BP_Player_2DHand.uexp" 1124
"C:/Users/jjgar/Documents/Unreal Projects/PressOn/Content/2DAction/Assets/Textures/T_Screen_Win.uasset" 1125
"C:/Users/jjgar/Documents/Unreal Projects/PressOn/Content/2DAction/Assets/Textures/T_Screen_Win.uexp" 1126
"C:/Users/jjgar/Documents/Unreal Projects/PressOn/Content/UI/WBP_ScreenWin.uasset" 1127
"C:/Users/jjgar/Documents/Unreal Projects/PressOn/Content/UI/WBP_ScreenWin.uexp" 1128
"C:/Users/jjgar/Documents/Unreal Projects/PressOn/Content/Sounds/Collect1Up.ubulk" 1129
"C:/Users/jjgar/Documents/Unreal Projects/PressOn/Content/Sounds/Collect1Up.uasset" 1130
"C:/Users/jjgar/Documents/Unreal Projects/PressOn/Content/Sounds/Collect1Up.uexp" 1131
"C:/Users/jjgar/Documents/Unreal Projects/PressOn/Content/Sounds/Collect1Up_Cue.uasset" 1132
"C:/Users/jjgar/Documents/Unreal Projects/PressOn/Content/Sounds/Collect1Up_Cue.uexp" 1133
"C:/Users/jjgar/Documents/Unreal Projects/PressOn/Content/Sounds/GameOver.ubulk" 1134
"C:/Users/jjgar/Documents/Unreal Projects/PressOn/Content/Sounds/GameOver.uasset" 1135
"C:/Users/jjgar/Documents/Unreal Projects/PressOn/Content/Sounds/GameOver.uexp" 1136
"C:/Users/jjgar/Documents/Unreal Projects/PressOn/Content/Sounds/GameOver_Cue.uasset" 1137
"C:/Users/jjgar/Documents/Unreal Projects/PressOn/Content/Sounds/GameOver_Cue.uexp" 1138
"C:/Users/jjgar/Documents/Unreal Projects/PressOn/Content/Blueprints/BP_Gamemode_Minigame.uasset" 1139
"C:/Users/jjgar/Documents/Unreal Projects/PressOn/Content/Blueprints/BP_Gamemode_Minigame.uexp" 1140
"C:/Users/jjgar/Documents/Unreal Projects/PressOn/Content/Blueprints/Actors/BP_CameraShake.uasset" 1141
"C:/Users/jjgar/Documents/Unreal Projects/PressOn/Content/Blueprints/Actors/BP_CameraShake.uexp" 1142
"C:/Users/jjgar/Documents/Unreal Projects/PressOn/Content/Blueprints/Actors/BP_MinigameCamera.uasset" 1143
"C:/Users/jjgar/Documents/Unreal Projects/PressOn/Content/Blueprints/Actors/BP_MinigameCamera.uexp" 1144
"C:/Users/jjgar/Documents/Unreal Projects/PressOn/Content/Maps/Minigame.uexp" 1145
"C:/Users/jjgar/Documents/Unreal Projects/PressOn/Content/Maps/Minigame.umap" 1146
